node_id,name,full_name
MDEwOlJlcG9zaXRvcnk0MDQyMzkyOA==,15-state-of-the-union,hadley/15-state-of-the-union
MDEwOlJlcG9zaXRvcnk0MDU0NDQxOA==,15-student-papers,hadley/15-student-papers
MDEwOlJlcG9zaXRvcnkxNDk4NDkwOQ==,500lines,hadley/500lines
MDEwOlJlcG9zaXRvcnkxMjI0MTc1MA==,adv-r,hadley/adv-r
MDEwOlJlcG9zaXRvcnk1MTU0ODc0,appdirs,hadley/appdirs
MDEwOlJlcG9zaXRvcnk5MzI0MzE5,assertthat,hadley/assertthat
MDEwOlJlcG9zaXRvcnkyMDIyODAxMQ==,babynames,hadley/babynames
MDEwOlJlcG9zaXRvcnk4MjM0OA==,beautiful-data,hadley/beautiful-data
MDEwOlJlcG9zaXRvcnk4ODgyMDA=,bench,hadley/bench
MDEwOlJlcG9zaXRvcnkzMTE2OTk4,bigvis,hadley/bigvis
MDEwOlJlcG9zaXRvcnk4Mjk2Mjg0,bigvis-infovis,hadley/bigvis-infovis
MDEwOlJlcG9zaXRvcnkxMzczNDQ0MTY=,BiocStickers,hadley/BiocStickers
MDEwOlJlcG9zaXRvcnkxMzM3MzQ0Mjk=,bizarro,hadley/bizarro
MDEwOlJlcG9zaXRvcnkyNzg4Mjc4,boxplots-paper,hadley/boxplots-paper
MDEwOlJlcG9zaXRvcnkyODcyNDA1OA==,broom,hadley/broom
MDEwOlJlcG9zaXRvcnk5NDcwNDI0,builder,hadley/builder
MDEwOlJlcG9zaXRvcnkxMTY3MDg2MTI=,building-permits,hadley/building-permits
MDEwOlJlcG9zaXRvcnkzNDMyNTU1Nw==,cellranger,hadley/cellranger
MDEwOlJlcG9zaXRvcnk0MTE0NA==,classifly,hadley/classifly
MDEwOlJlcG9zaXRvcnk0MTE1Nw==,clusterfly,hadley/clusterfly
MDEwOlJlcG9zaXRvcnk3ODU0MzI5MA==,cocktail-balance,hadley/cocktail-balance
MDEwOlJlcG9zaXRvcnk2NjU4ODc3OA==,commonmark,hadley/commonmark
MDEwOlJlcG9zaXRvcnkzNTIyNTQ4OA==,cran-downloads,hadley/cran-downloads
MDEwOlJlcG9zaXRvcnkxNDUwNzI3Mw==,cran-logs-dplyr,hadley/cran-logs-dplyr
MDEwOlJlcG9zaXRvcnkxNTcxODgwNQ==,cran-packages,hadley/cran-packages
MDEwOlJlcG9zaXRvcnkxODU2MjIwOQ==,cranatics,hadley/cranatics
MDEwOlJlcG9zaXRvcnkxMjUyMg==,crantastic,hadley/crantastic
MDEwOlJlcG9zaXRvcnkxMTU3NDI0NDM=,Creative-Commons-Markdown,hadley/Creative-Commons-Markdown
MDEwOlJlcG9zaXRvcnkxMTkxMDc1NzE=,csvy.github.io,hadley/csvy.github.io
MDEwOlJlcG9zaXRvcnkyMDE5MDg=,data-baby-names,hadley/data-baby-names
