"","x"
"1","프로포즈"
"2","선물"
"3","것"
"4","프로포즈"
"5","선물"
"6","것"
"7","2011."
"8","10."
"9","09"
"10","친구"
"11","저"
"12","프로포즈"
"13","선물"
"14","뭘로"
"15","물어보는거예요"
"16","생각"
"17","저"
"18","정식"
"19","적"
"20","평생"
"21","한번뿐인일(그래야겠죠"
"22","나중"
"23","서운"
"24","쇼핑"
"25","쇼핑"
"26","몰"
"27","시장"
"28","답변"
"29","수"
"30","2"
"31","추천"
"32","수"
"33","10"
"34","조회"
"35","수"
"36","1632"
"37","4"
"38",""
"39","프로포즈"
"40","선물"
"41","좋"
"42","은"
"43","프로포즈"
"44","선물"
"45","것"
"46","좀"
"47","2013."
"48","08."
"49","13"
"50","프로포즈"
"51","선물"
"52","찾기보단"
"53","사람"
"54","영화관"
"55","꽃전달하면서"
"56","고백"
"57","것"
"58","영화"
"59","크레딧(?"
"60","때"
"61","대형화면"
"62","영상"
"63","편지"
"64","순간"
"65","어디"
"66","준비"
"67","남자"
"68","분"
"69","생활"
"70","답변"
"71","수"
"72","1"
"73","추천"
"74","수"
"75","10"
"76","조회"
"77","수"
"78","345"
"79","1"
"80",""
"81","에정입니다"
"82","프로"
"83","포"
"84","즈"
"85","에정입니다"
"86","프로포즈"
"87","선물"
"88","꽃다발"
"89","2011."
"90","09."
"91","28"
"92","다음달"
"93","프로포즈"
"94","이벤트"
"95","준비"
"96","서울에서는"
"97","프로포즈"
"98","유명"
"99","카페"
"100","프로포즈"
"101","이벤트"
"102","예정"
"103","프로포즈"
"104","선물"
"105","반지"
"106","명색"
"107","프로포즈"
"108","데"
"109","프로포즈"
"110","반지"
"111","10"
"112","만"
"113","원"
"114","살"
"115","수"
"116","생활"
"117","가족"
"118","가족"
"119","행사"
"120","이벤트"
"121","답변"
"122","수"
"123","1"
"124","추천"
"125","수"
"126","10"
"127","조회"
"128","수"
"129","1194"
"130","9"
"131",""
"132","프로포즈"
"133","선물"
"134","질문"
"135","입"
"136","프로포즈"
"137","선물"
"138","질문"
"139","2010."
"140","06."
"141","10"
"142","프로포즈"
"143","선물"
"144","주인공"
"145","중요"
"146","한날"
"147","선물"
"148","의미"
"149","빛"
"150","안나자나요~"
"151","이럴때"
"152","이벤트"
"153","의미"
"154","빛"
"155","날거에요~"
"156","카페"
"157","사회"
"158","정치"
"159","사회"
"160","문화"
"161","사람"
"162","그룹"
"163","답변"
"164","수"
"165","4"
"166","추천"
"167","수"
"168","3"
"169","조회"
"170","수"
"171","912"
"172","4"
"173",""
"174","프로포즈"
"175","선물"
"176","골"
"177","라"
"178","프로포즈"
"179","선물"
"180","2009."
"181","03."
"182","06"
"183","프로포즈"
"184","장소"
"185","프로포즈"
"186","선물"
"187","물색인데요."
"188","한"
"189","번"
"190","프로포즈"
"191","장소"
"192","프로포즈"
"193","선물"
"194","조언"
"195","후"
"196","준비"
"197","나"
"198","것"
"199","생각"
"200","프로포즈"
"201","장소"
"202","서울근교"
"203","쪽"
"204","중"
"205","쇼핑"
"206","답변"
"207","수"
"208","1"
"209","추천"
"210","수"
"211","2"
"212","조회"
"213","수"
"214","739"
"215","6"
"216","결혼"
"217","프로포즈"
"218","선물"
"219","2009."
"220","03."
"221","12"
"222","결혼"
"223","프로포즈"
"224","준비"
"225","중인"
"226","30대중반"
"227","남자"
"228","문의"
"229","해보긴"
"230","답"
"231","못구해서"
"232","글"
"233","결혼"
"234","프로포즈"
"235","선물"
"236","반지"
"237","구입"
"238","것"
"239","반지"
"240","것"
"241","쇼핑"
"242","답변"
"243","수"
"244","1"
"245","추천"
"246","수"
"247","0"
"248","조회"
"249","수"
"250","928"
"251","5"
"252","잇는애에게"
"253","정식"
"254","프로포즈"
"255","법"
"256","5"
"257","전"
"258","질문1,3만원"
"259","이하"
"260","프로포즈"
"261","선물"
"262","질문2,그"
"263","애"
"264","법좀"
"265","위"
"266","2질문에"
"267","답"
"268","참고"
"269","저"
"270","초5에요"
"271","내공"
"272","50"
"273","프로포즈"
"274","간단"
"275","다이"
"276","소"
"277","촛불"
"278","것"
"279","조금"
"280","컴퓨터통신"
"281","답변"
"282","수"
"283","1"
"284","추천"
"285","수"
"286","0"
"287","조회"
"288","수"
"289","4"
"290","4"
"291","결혼"
"292","때"
"293","프로포즈"
"294","선물"
"295","시계"
"296","초인"
"297","답변"
"298","2010."
"299","08."
"300","13"
"301","시계를생각하고있는데"
"302","여자"
"303","들이"
"304","만"
"305","매이커좀"
"306","심플한"
"307","스타일을좋아해서요"
"308","심플한스타일"
"309","매이커좀"
"310","프로포즈"
"311","선물"
"312","겐찮은"
"313","매이커로요"
"314","솔찍히"
"315","어짜피"
"316","예물"
"317","시계"
"318","패션"
"319","주얼리"
"320","시계"
"321","답변"
"322","수"
"323","1"
"324","추천"
"325","수"
"326","1"
"327","조회"
"328","수"
"329","225"
"330","3"
"331","프로포즈"
"332","장소"
"333","선물"
"334","2007."
"335","11."
"336","07"
"337","말은안하시더라도^^"
"338","프로포즈"
"339","선물"
"340","대부분"
"341","반지"
"342","들"
"343","많이하시잖아요~"
"344","프로포즈"
"345","것"
"346","것"
"347","때문에같이가서"
"348","것"
"349","남자"
"350","분"
"351","미리준비를하시고"
"352","선물"
"353","프로포즈"
"354","사회"
"355","정치"
"356","사회"
"357","문화"
"358","사람"
"359","그룹"
"360","답변"
"361","수"
"362","1"
"363","추천"
"364","수"
"365","0"
"366","조회"
"367","수"
"368","1455"
"369","4"
"370",""
"371","프로포즈"
"372","선물"
"373","것"
"374","연"
"375","프로포즈"
"376","선물"
"377","것"
"378","연상"
"379","누나"
"380","자극"
"381","만"
"382","2010."
"383","09."
"384","01"
"385","누나"
"386","저"
"387","결혼"
"388","입장"
"389","프로포즈"
"390","받고싶을꺼"
"391","저"
"392","누나몰래"
"393","프로포즈"
"394","선물"
"395","준비"
"396","중"
"397","첨"
"398","프로포즈"
"399","것"
"400","긴장"
"401","프로포즈"
"402","선물"
"403","경험자"
"404","조언"
"405","좀"
"406","꼭좀요."
"407","생활"
"408","가족"
"409","연애"
"410","결혼"
"411","답변"
"412","수"
"413","3"
"414","추천"
"415","수"
"416","1"
"417","조회"
"418","수"
"419","302"
"420","3"
"421",""
"422",""
"423","프로포즈"
"424","선물"
"425","2009."
"426","03."
"427","17"
"428","프로포즈"
"429","선물"
"430","프로포즈"
"431","선물"
"432","꽃"
"433","반지"
"434","신중"
"435","디자인"
"436","이런건"
"437","평소"
"438","심플한걸"
"439","선호"
"440","터"
"441","것"
"442","데"
"443","커플"
"444","링"
"445","터"
"446","패션"
"447","주얼리"
"448","반지"
"449","팔찌"
"450","답변"
"451","수"
"452","1"
"453","추천"
"454","수"
"455","0"
"456","조회"
"457","수"
"458","361"
"459","8"
"460",""
"461","프로포즈"
"462","선물"
"463","여친"
"464","프로포즈"
"465","선물"
"466","여친에게"
"467","2010."
"468","08."
"469","26"
"470","털털"
"471","한"
"472","여자"
"473","친구"
"474","프로포즈"
"475","선물"
"476","못받은거에"
"477","서운"
"478","전"
"479","꿈"
"480","생각"
"481","말"
"482","8"
"483","년"
"484","프로포즈"
"485","선물"
"486","필요"
"487","라"
"488","생각"
"489","지금"
"490","프로포즈"
"491","선물"
"492","줄"
"493","쇼핑"
"494","답변"
"495","수"
"496","2"
"497","추천"
"498","수"
"499","0"
"500","조회"
"501","수"
"502","763"
"503","0"
"504","프로포즈"
"505","선물"
"506","프로포즈"
"507","선물"
"508","뭘..."
"509","2010."
"510","08."
"511","26"
"512","프로포즈"
"513","선물"
"514","전"
"515","솔직"
"516","함"
"517","남자"
"518","다운"
"519","모습"
"520","좋을듯하구요"
"521","저"
"522","볼땐"
"523","섯불리"
"524","프로포즈"
"525","하셨다간.."
"526","안하느니만"
"527","상황"
"528","생길거"
"529","여튼"
"530","물밑작업(?"
"531","을"
"532","하시구요.."
"533","생활"
"534","가족"
"535","가족"
"536","행사"
"537","이벤트"
"538","답변"
"539","수"
"540","1"
"541","추천"
"542","수"
"543","0"
"544","조회"
"545","수"
"546","246"
"547","2"
"548",""
"549","프로포즈"
"550","선"
"551","물"
"552","프로포즈"
"553","선물"
"554","추천"
"555","2010."
"556","09."
"557","01"
"558","결혼"
"559","전"
"560","프로포즈"
"561","선물"
"562","프로프즈선물이"
"563","지"
"564","절"
"565","누나"
"566","감동"
"567","적"
"568","것"
"569","프로포즈"
"570","선물"
"571","누나"
"572","프로포즈"
"573","기대하는거"
"574","누나"
"575","프로포즈"
"576","선물"
"577","생활"
"578","가족"
"579","연애"
"580","결혼"
"581","답변"
"582","수"
"583","3"
"584","추천"
"585","수"
"586","0"
"587","조회"
"588","수"
"589","247"
"590","5"
"591",""
"592","프로"
"593","포"
"594","즈"
"595","프로포즈"
"596","선물"
"597","이벤트"
"598","조언"
"599","2010."
"600","10."
"601","20"
"602","성의"
"603","방법"
"604","이벤트할"
"605","때"
"606","필요"
"607","한"
"608","선물"
"609","추천"
"610","특별"
"611","한"
"612","프로포즈"
"613","조언"
"614","해"
"615","감사"
"616","답변"
"617","생활"
"618","가족"
"619","가족"
"620","행사"
"621","이벤트"
"622","답변"
"623","수"
"624","3"
"625","추천"
"626","수"
"627","0"
"628","조회"
"629","수"
"630","644"
"631","0"
"632",""
"633","프로포즈"
"634","선물"
"635","뭐"
"636","프로포즈"
"637","선물"
"638","뭐"
"639",";^ㅁ;"
"640","2009."
"641","03."
"642","11"
"643","프로포즈"
"644","선물"
"645","여친마음에"
"646","와닿아"
"647","감동"
"648","적"
"649",";^ㅁ;"
"650","밤낮"
"651","생각"
"652",";^ㅁ;"
"653","다들"
"654","프로포즈"
"655","선물"
"656","어떤것들"
"657","반지"
"658","생각"
"659","반지"
"660","프로포즈"
"661","선물"
"662","인터넷"
"663","패션"
"664","주얼리"
"665","반지"
"666","팔찌"
"667","답변"
"668","수"
"669","1"
"670","추천"
"671","수"
"672","0"
"673","조회"
"674","수"
"675","122"
"676","8"
"677",""
"678","프로포즈"
"679","견"
"680","프로포즈"
"681","견해"
"682","프로포즈"
"683","선물"
"684","2010."
"685","08."
"686","25"
"687","답변"
"688","볼꼐여^^"
"689","저"
"690","여자구요"
"691","결혼"
"692","한지"
"693","3년차"
"694","저"
"695","프로포즈"
"696","대한"
"697","걸"
"698","써드릴려고합니다"
"699","기억"
"700","남아서요^^"
"701","프로포즈"
"702","선물"
"703","아직가지고"
"704","보"
"705","생활"
"706","가족"
"707","연애"
"708","결혼"
"709","답변"
"710","수"
"711","3"
"712","추천"
"713","수"
"714","1"
"715","조회"
"716","수"
"717","215"
"718","4"
"719",""
"720","꽃배달"
"721","프로"
"722","포"
"723","즈"
"724","꽃배달"
"725","프로포즈"
"726","이벤트"
"727","선물"
"728","2014."
"729","03."
"730","09"
"731","화이트"
"732","데이"
"733","이벤트겸"
"734","프로포즈"
"735","만"
"736","선물"
"737","뭐"
"738","지"
"739","추천"
"740","100"
"741","이벤트"
"742","때"
"743","꽃"
"744","저"
"745","풍성"
"746","걸"
"747","성의없이한거같아서"
"748","여자친구는좋다고는했지만"
"749","감각있는친구라.."
"750","음식"
"751","빵"
"752","과자류"
"753","사탕"
"754","껌"
"755","답변"
"756","수"
"757","2"
"758","추천"
"759","수"
"760","10"
"761","조회"
"762","수"
"763","180"
"764","2"
"765","프로포즈"
"766","선물"
"767","2009."
"768","10."
"769","13"
"770","프로포즈"
"771","선물"
"772","뭐"
"773","ㅠㅠ"
"774","제발좀"
"775","저"
"776","친구"
"777","중"
"778","전"
"779","브라이덜샤워라는"
"780","파티"
"781","브라"
"782","샤워"
"783","처녀"
"784","적"
"785","기념"
"786","파티"
"787","것"
"788","되"
"789","암튼.."
"790","생활"
"791","가족"
"792","연애"
"793","결혼"
"794","답변"
"795","수"
"796","1"
"797","추천"
"798","수"
"799","0"
"800","조회"
"801","수"
"802","367"
"803","4"
"804",""
"805","프로포즈"
"806","선물"
"807","프로포즈"
"808","선물"
"809","2009."
"810","03."
"811","16"
"812","프로포즈"
"813","선물"
"814","구입"
"815","중"
"816","프로포즈"
"817","선물"
"818","중"
"819","제작"
"820","기간"
"821","필요"
"822","한"
"823","반지"
"824","주문"
"825","글"
"826","프로포즈"
"827","선물"
"828","반지"
"829","수"
"830","것"
"831","데"
"832","남자"
"833","저"
"834","그"
"835","그거같고"
"836","패션"
"837","주얼리"
"838","반지"
"839","팔찌"
"840","답변"
"841","수"
"842","1"
"843","추천"
"844","수"
"845","0"
"846","조회"
"847","수"
"848","53"
"849","0"
"850",""
"851",""
"852","프로포즈"
"853","장소"
"854","선물"
"855","2007."
"856","11."
"857","07"
"858","첫째"
"859","프로포즈"
"860","선물"
"861","반지"
"862","커플"
"863","링"
"864","결혼반지"
"865","저"
"866","임의"
"867","같이가서"
"868","골루고"
"869","데"
"870","아직시일도"
"871","남았구"
"872","것"
"873","어떻해야할지."
"874","다른선물로"
"875","어떤게.."
"876","생활"
"877","가족"
"878","연애"
"879","결혼"
"880","답변"
"881","수"
"882","1"
"883","추천"
"884","수"
"885","1"
"886","조회"
"887","수"
"888","226"
"889","2"
"890","전"
"891","5"
"892","학년"
"893","학생인데요(초딩)프로포즈"
"894","선물"
"895","뭐"
"896","2003."
"897","12."
"898","20"
"899","프로포즈"
"900","선물은(5학년"
"901","용돈"
"902","사정"
"903","아시겠져?"
"904","뭘로"
"905","애"
"906","대형"
"907","문구점"
"908","목걸이(한개3400원"
"909","하는거2개"
"910","커플"
"911","목걸이"
"912","데"
"913","되도록이면"
"914","마음"
"915","수"
"916","있는걸로.."
"917","프로포즈할때"
"918","필요"
"919","한"
"920","말"
"921","쥬니버Q&A"
"922","엔터테인먼트"
"923","예술"
"924","영화"
"925","답변"
"926","수"
"927","2"
"928","추천"
"929","수"
"930","0"
"931","조회"
"932","수"
"933","146"
"934","7"
"935","프로포즈"
"936","장소"
"937","선물"
"938","이벤트"
"939","점"
"940","ㅠ"
"941","2010."
"942","04."
"943","15"
"944","비용"
"945","쪼금만들어갔음합니다....."
"946","ㅠ유"
"947","적당한프로포즈장소와선물"
"948","쪼금특별한이벤트점."
"949","안녕"
"950","골드매직입니다^^"
"951","날씨"
"952","야외"
"953","장소"
"954","선택하시는걸"
"955","추천"
"956","남산타워나."
"957","놀이"
"958","동산"
"959","생활"
"960","가족"
"961","가족"
"962","행사"
"963","이벤트"
"964","답변"
"965","수"
"966","2"
"967","추천"
"968","수"
"969","1"
"970","조회"
"971","수"
"972","347"
"973","9"
"974","프로포즈"
"975","반지"
"976","선물"
"977","추천"
"978","2010."
"979","08."
"980","06"
"981","결혼"
"982","예물"
"983","다이아"
"984","반지"
"985","상태"
"986","프로포즈"
"987","반지"
"988","부담"
"989","반지"
"990","선물"
"991","추천"
"992","쌩뚱맞지"
"993","걸"
"994","다이아"
"995","반지"
"996","커플"
"997","링"
"998","왠지.."
"999","패션"
"1000","주얼리"
"1001","반지"
"1002","팔찌"
"1003","답변"
"1004","수"
"1005","3"
"1006","추천"
"1007","수"
"1008","0"
"1009","조회"
"1010","수"
"1011","382"
"1012","7"
"1013",""
"1014","프로포즈"
"1015","반지"
"1016","곳"
"1017","프로포즈"
"1018","반지"
"1019","예쁜곳"
"1020","2014."
"1021","04."
"1022","16"
"1023","요즘"
"1024","결혼반지"
"1025","프로포즈"
"1026","반지"
"1027","선물"
"1028","해"
"1029","평소"
"1030","끼"
"1031","반지"
"1032","용도"
"1033","많은데요"
"1034","프로포즈"
"1035","반지"
"1036","들이"
"1037","대부분"
"1038","심플하고"
"1039","캐럿수도"
"1040","적"
"1041","디자인"
"1042","이중"
"1043","여성"
"1044","분"
"1045","취향"
"1046","생활"
"1047","답변"
"1048","수"
"1049","2"
"1050","추천"
"1051","수"
"1052","58"
"1053","조회"
"1054","수"
"1055","61"
"1056","9"
"1057","결혼"
"1058","프로포즈"
"1059","선물"
"1060","뭘로할까요??"
"1061","2011."
"1062","04."
"1063","22"
"1064","안녕"
"1065","6"
"1066","월달"
"1067","여자"
"1068","친구"
"1069","프로포즈"
"1070","계획"
"1071","중"
"1072","대충"
"1073","계획"
"1074","바닷가"
"1075","데"
"1076","선물"
"1077","수"
"1078","반지"
"1079","직접만들어선물하실수"
"1080","방법"
"1081","생활"
"1082","가족"
"1083","연애"
"1084","결혼"
"1085","답변"
"1086","수"
"1087","1"
"1088","추천"
"1089","수"
"1090","0"
"1091","조회"
"1092","수"
"1093","77"
"1094","2"
"1095",""
"1096","프로포즈"
"1097","이벤트"
"1098","프로포즈"
"1099","이벤트"
"1100","감동"
"1101","적"
"1102","2012."
"1103","11."
"1104","23"
"1105","집"
"1106","길"
"1107","리무진"
"1108","준비"
"1109","와인"
"1110","음료"
"1111","제작"
"1112","영상"
"1113","편지"
"1114","준비"
"1115","한"
"1116","프로포즈"
"1117","선물(반지나"
"1118","목걸이"
"1119","여친에게"
"1120","프로포즈"
"1121","하시"
"1122","누구"
"1123","프로포즈"
"1124","것"
"1125","생활"
"1126","가족"
"1127","가족"
"1128","행사"
"1129","이벤트"
"1130","답변"
"1131","수"
"1132","8"
"1133","추천"
"1134","수"
"1135","24"
"1136","조회"
"1137","수"
"1138","275"
"1139","8"
"1140","프로포즈"
"1141","추천"
"1142","2010."
"1143","06."
"1144","28"
"1145","프로포즈"
"1146","선물"
"1147","목걸이"
"1148","고요"
"1149","사는지역은"
"1150","부산"
"1151","나이"
"1152","5살차이라~"
"1153","뭔가"
"1154","좀"
"1155","특별"
"1156","많은"
"1157","추천"
"1158","부탁"
"1159","원테이블"
"1160","까페"
"1161","강추"
"1162","생각"
"1163","들"
"1164","레스토랑"
"1165","프로포즈"
"1166","둘"
"1167","만"
"1168","공간"
"1169","확보되서"
"1170","생활"
"1171","가족"
"1172","연애"
"1173","결혼"
"1174","답변"
"1175","수"
"1176","2"
"1177","추천"
"1178","수"
"1179","6"
"1180","조회"
"1181","수"
"1182","711"
"1183","8"
"1184","프로포즈"
"1185","선물"
"1186","다이아"
"1187","목걸이"
"1188","생각"
"1189","데"
"1190","2006."
"1191","12."
"1192","23"
"1193","프로포즈"
"1194","선물"
"1195","다이아"
"1196","목걸이"
"1197","인터넷"
"1198","여러군데"
"1199","실물"
"1200","구매"
"1201","것"
"1202","구매"
"1203","수"
"1204","있는곳을"
"1205","가격"
"1206","대"
"1207","50마넌"
"1208","정도"
"1209","패션"
"1210","주얼리"
"1211","목걸이"
"1212","펜던트"
"1213","답변"
"1214","수"
"1215","1"
"1216","추천"
"1217","수"
"1218","0"
"1219","조회"
"1220","수"
"1221","332"
"1222","5"
"1223",""
"1224","프로포즈"
"1225","이벤트"
"1226","질문"
"1227","드"
"1228","프로포즈이벤트질문드려요^^"
"1229","답변"
"1230","2011."
"1231","09."
"1232","09"
"1233","프로포즈"
"1234","선물"
"1235","청혼방법(프로포즈방법)입니다"
"1236","방법"
"1237","소개"
"1238","감사"
"1239","명절"
"1240","프로포즈"
"1241","햐~^^"
"1242","좋으시겠어용.."
"1243","^ㅎ^ㅎ"
"1244","프로포즈"
"1245","방법"
"1246","사실"
"1247","생활"
"1248","가족"
"1249","연애"
"1250","결혼"
"1251","답변"
"1252","수"
"1253","3"
"1254","추천"
"1255","수"
"1256","1"
"1257","조회"
"1258","수"
"1259","240"
"1260","2"
"1261",""
"1262",""
"1263","(내공)프로포즈"
"1264","선물"
"1265","다이아몬드"
"1266","반지"
"1267","초인"
"1268","답변"
"1269","2010."
"1270","02."
"1271","10"
"1272","이번"
"1273","결혼"
"1274","프로포즈"
"1275","프로포즈"
"1276","선물용"
"1277","다이아몬드"
"1278","반지"
"1279","5"
"1280","부"
"1281","다이아몬드"
"1282","감정"
"1283","등급"
"1284","이런게"
"1285","첨"
"1286","것"
"1287","생소"
"1288","쇼핑"
"1289","패션"
"1290","주얼리"
"1291","답변"
"1292","수"
"1293","1"
"1294","추천"
"1295","수"
"1296","1"
"1297","조회"
"1298","수"
"1299","127"
"1300","3"
"1301","기념일"
"1302","이벤트"
"1303","프로포즈"
"1304","2010."
"1305","10."
"1306","17"
"1307","저"
"1308","프로포즈"
"1309","선물"
"1310","중"
"1311","최고"
"1312","생각"
"1313","^ㅎ^ㅎ"
"1314","근데."
"1315","장소"
"1316","촬영"
"1317","님"
"1318","배경"
"1319","사진"
"1320","인물"
"1321","사진"
"1322","그"
"1323","급"
"1324","궁굼해지네요.."
"1325","^ㅎ^ㅎ"
"1326","프로포즈"
"1327","이벤트"
"1328","생활"
"1329","가족"
"1330","가족"
"1331","행사"
"1332","이벤트"
"1333","답변"
"1334","수"
"1335","2"
"1336","추천"
"1337","수"
"1338","3"
"1339","조회"
"1340","수"
"1341","131"
"1342","1"
"1343","결혼"
"1344","프로포즈"
"1345","선물"
"1346","뭐"
"1347","2005."
"1348","08."
"1349","11"
"1350","여자"
"1351","친구"
"1352","프로포즈"
"1353","할거"
"1354","이벤트"
"1355","거창"
"1356","안할거구요"
"1357","나름데로"
"1358","생각"
"1359","저"
"1360","고민"
"1361","거리"
"1362","선물"
"1363","반지"
"1364","들"
"1365","저희"
"1366","커플"
"1367","링"
"1368","끼"
"1369","결혼식"
"1370","때"
"1371","생활"
"1372","가족"
"1373","연애"
"1374","결혼"
"1375","답변"
"1376","수"
"1377","1"
"1378","추천"
"1379","수"
"1380","0"
"1381","조회"
"1382","수"
"1383","726"
"1384","3"
"1385","프로포즈"
"1386","시"
"1387","지존답변"
"1388","2008."
"1389","12."
"1390","23"
"1391","그러니깐"
"1392","좋으실꺼예여~~"
"1393","프로포즈"
"1394","선물"
"1395","반지"
"1396","목걸이"
"1397","반지"
"1398","일반"
"1399","링"
"1400","알"
"1401","하나"
"1402","들어간걸"
"1403","제"
"1404","심플한"
"1405","목걸이"
"1406","줄"
"1407","다이아"
"1408","2"
"1409","부"
"1410","하나"
"1411","박힌거"
"1412","다이아"
"1413","생활"
"1414","가족"
"1415","연애"
"1416","결혼"
"1417","답변"
"1418","수"
"1419","2"
"1420","추천"
"1421","수"
"1422","0"
"1423","조회"
"1424","수"
"1425","69"
"1426","4"
"1427",""
"1428","프로포즈"
"1429","성공"
"1430","합"
"1431","프로포즈"
"1432","성공"
"1433","프로포즈"
"1434","분"
"1435","2010."
"1436","04."
"1437","19"
"1438","부분"
"1439","다음"
"1440","이"
"1441","프로포즈"
"1442","선물"
"1443","part"
"1444","소개"
"1445","☞"
"1446","프로포즈"
"1447","선물"
"1448","위"
"1449","언급"
"1450","프로포즈"
"1451","반지"
"1452","반지"
"1453","그것"
"1454","선물"
"1455","감동"
"1456","적"
"1457","선물"
"1458","이"
"1459","프로포즈"
"1460","선물"
"1461","하플"
"1462","생활"
"1463","가족"
"1464","연애"
"1465","결혼"
"1466","답변"
"1467","수"
"1468","3"
"1469","추천"
"1470","수"
"1471","1"
"1472","조회"
"1473","수"
"1474","600"
"1475","7"
"1476",""
"1477","프로포즈선물겸"
"1478","발렌"
"1479","타"
"1480","프로포즈선물겸"
"1481","발렌타인"
"1482","데이"
"1483","선물"
"1484","2006."
"1485","02."
"1486","09"
"1487","저"
"1488","또한번"
"1489","선물겸"
"1490","프로포즈"
"1491","발렌타인"
"1492","데이"
"1493","선물"
"1494","주고싶은데요///"
"1495","어떤선물이"
"1496","지"
"1497","동영상"
"1498","이미선물했으니까~써주지마시구요.."
"1499","지식인"
"1500","핸드"
"1501","프린팅"
"1502","데"
"1503","연인"
"1504","쇼핑"
"1505","답변"
"1506","수"
"1507","2"
"1508","추천"
"1509","수"
"1510","0"
"1511","조회"
"1512","수"
"1513","324"
"1514","9"
"1515",""
"1516","사람들"
"1517","사람들"
"1518","프로포즈"
"1519","방법"
"1520","추천"
"1521","2010."
"1522","07."
"1523","27"
"1524","프로포즈"
"1525","선물"
"1526","거"
"1527","거구"
"1528","요"
"1529","ㅠㅠ;;;"
"1530","프로포즈"
"1531","용"
"1532","반지같은건"
"1533","목걸이"
"1534","거"
"1535","옛날"
"1536","했구요"
"1537","남"
"1538","것"
"1539","돈"
"1540","프로포즈"
"1541","것"
"1542","^ㅎ^ㅎ;"
"1543","기억"
"1544","생활"
"1545","답변"
"1546","수"
"1547","1"
"1548","추천"
"1549","수"
"1550","4"
"1551","조회"
"1552","수"
"1553","536"
"1554","8"
"1555","결혼"
"1556","전"
"1557","프로포즈"
"1558","데"
"1559","2008."
"1560","03."
"1561","24"
"1562","여자"
"1563","남자"
"1564","프로포즈"
"1565","선물"
"1566","10"
"1567","가지"
"1568","2008."
"1569","05."
"1570","26"
"1571","여자"
"1572","들이"
"1573","프로포즈"
"1574","의미"
"1575","남자들"
"1576","그것"
"1577","분위기"
"1578","로맨틱"
"1579","함"
"1580","추구"
"1581","여자"
"1582","들"
"1583","그"
"1584","프로포즈"
"1585","선물"
"1586","10"
"1587","가지"
"1588","공개"
"1589","1"
"1590","액자"
"1591","생활"
"1592","가족"
"1593","연애"
"1594","결혼"
"1595","답변"
"1596","수"
"1597","5"
"1598","추천"
"1599","수"
"1600","8"
"1601","조회"
"1602","수"
"1603","2387"
"1604","5"
"1605","중딩이"
"1606","프로포즈하는"
"1607","방법"
"1608","선물"
"1609","2009."
"1610","11."
"1611","09"
"1612","프로포즈"
"1613","만"
"1614","장소"
"1615","3."
"1616","프로포즈"
"1617","때"
"1618","선물"
"1619","뭐"
"1620","좋을까여"
"1621","참고"
"1622","그녀"
"1623","O형이에여"
"1624","적극"
"1625","적"
"1626","정렬"
"1627","적"
"1628","4."
"1629","사람"
"1630","O"
"1631","형"
"1632","준선물을"
"1633","좋아한다고여"
"1634","어떤걸"
"1635","만들어줘야되져"
"1636","저"
"1637","손재주"
"1638","있거든여"
"1639","근데.."
"1640","교육"
"1641","학문"
"1642","중학교교육"
"1643","학교"
"1644","생활"
"1645","답변"
"1646","수"
"1647","1"
"1648","추천"
"1649","수"
"1650","0"
"1651","조회"
"1652","수"
"1653","141"
"1654","6"
"1655",""
"1656","결혼"
"1657","전"
"1658","프로"
"1659","포"
"1660","결혼"
"1661","전"
"1662","프로포즈때문에"
"1663","고민"
"1664","제"
"1665","2010."
"1666","02."
"1667","25"
"1668","프로포즈할때"
"1669","반지"
"1670","것"
"1671","대"
"1672","여자"
"1673","친구"
"1674","선물"
"1675","때"
"1676","황홀"
"1677","한"
"1678","기분"
"1679","수"
"1680","프로포즈"
"1681","선물"
"1682","추천"
"1683","감사"
"1684","프로포즈"
"1685","中"
"1686","나"
"1687","결혼"
"1688","↓↓↓"
"1689","결혼"
"1690","後"
"1691","그때"
"1692","생활"
"1693","가족"
"1694","연애"
"1695","결혼"
"1696","답변"
"1697","수"
"1698","2"
"1699","추천"
"1700","수"
"1701","1"
"1702","조회"
"1703","수"
"1704","158"
"1705","1"
"1706",""
"1707",""
"1708",""
"1709","프로포즈가힘듭니다"
"1710","프"
"1711","프로포즈가힘듭니다"
"1712","프로포즈방법좀알려주세요~!"
"1713","2011."
"1714","08."
"1715","02"
"1716","욕"
"1717","답"
"1718","간단"
"1719","대부분"
"1720","간단"
"1721","명료"
"1722","단순"
"1723","준비"
"1724","누구"
"1725","저냥"
"1726","프로포즈"
"1727","선물"
"1728","아이템"
"1729","하나"
"1730","준비"
"1731","해서"
"1732","틱"
"1733","것"
"1734","이러면"
"1735","욕"
"1736","확률"
"1737","100."
"1738","생활"
"1739","가족"
"1740","연애"
"1741","결혼"
"1742","답변"
"1743","수"
"1744","2"
"1745","추천"
"1746","수"
"1747","2"
"1748","조회"
"1749","수"
"1750","316"
"1751","9"
"1752",""
"1753","프로포즈"
"1754","질문"
"1755","드"
"1756","프로포즈"
"1757","질문"
"1758","드"
"1759","프로포즈"
"1760","방법"
"1761","2011."
"1762","07."
"1763","12"
"1764","프로포즈"
"1765","선물"
"1766","꽃다발"
"1767","준비"
"1768","장소"
"1769","선정"
"1770","해도"
"1771","프로포즈"
"1772","성공"
"1773","것"
"1774","ㅡ_ㅡ;;"
"1775","전"
"1776","맥"
"1777","사용"
"1778","사람"
"1779","맥"
"1780","상류층"
"1781","레벨"
"1782","(비꼬는거"
"1783","것"
"1784","생활"
"1785","가족"
"1786","가족"
"1787","행사"
"1788","이벤트"
"1789","답변"
"1790","수"
"1791","1"
"1792","추천"
"1793","수"
"1794","0"
"1795","조회"
"1796","수"
"1797","230"
"1798","8"
"1799","프로포즈"
"1800","장소"
"1801","선물"
"1802","뭐줘야죠?"
"1803","2004."
"1804","10."
"1805","15"
"1806","프로포즈"
"1807","장소"
"1808","선물뭘어떤걸줘야되고"
"1809","장소"
"1810","좀"
"1811","알켜주세요"
"1812","수"
"1813","곳"
"1814","선물"
"1815","뭐주면"
"1816","초"
"1817","5"
"1818","학년"
"1819","한적"
"1820","한"
"1821","공원"
"1822","선물"
"1823","반지"
"1824","팔찌"
"1825","목걸이"
"1826","등"
"1827","적합"
"1828","것"
"1829","이벤트"
"1830","까페가"
"1831","서울특별시"
"1832","강남"
"1833","구"
"1834","압구정"
"1835","동"
"1836","답변"
"1837","수"
"1838","2"
"1839","추천"
"1840","수"
"1841","0"
"1842","조회"
"1843","수"
"1844","692"
"1845","2"
"1846",""
"1847","프로포즈"
"1848","프로포즈"
"1849","2010."
"1850","03."
"1851","09"
"1852","평소"
"1853","프로포즈"
"1854","선물"
"1855","한"
"1856","번"
"1857","소개"
"1858","해"
"1859","결혼"
"1860","후"
"1861","간직"
"1862","수"
"1863","동안"
"1864","말"
"1865","편지"
"1866","의미"
"1867","것"
"1868","사진"
"1869","것"
"1870","같구요..."
"1871","생활"
"1872","답변"
"1873","수"
"1874","1"
"1875","추천"
"1876","수"
"1877","1"
"1878","조회"
"1879","수"
"1880","110"
"1881","8"
"1882","프로포즈"
"1883","때문"
"1884","고민"
"1885","중"
"1886","2010."
"1887","02."
"1888","17"
"1889","두"
"1890","분"
"1891","부인"
"1892","분"
"1893","프로포즈"
"1894","선물"
"1895","것"
"1896","같은데요.."
"1897","2"
"1898","목걸이"
"1899","등"
"1900","때"
"1901","다이아"
"1902","탄생석"
"1903","생각"
"1904","중"
"1905","아기"
"1906","아내"
"1907","둘다"
"1908","2"
"1909","월"
"1910","생"
"1911","의미"
"1912","생각"
"1913","예물"
"1914","반지"
"1915","따로.."
"1916","패션"
"1917","주얼리"
"1918","목걸이"
"1919","펜던트"
"1920","답변"
"1921","수"
"1922","2"
"1923","추천"
"1924","수"
"1925","4"
"1926","조회"
"1927","수"
"1928","440"
"1929","5"
"1930",""
"1931","감동"
"1932","적"
"1933","프로포즈"
"1934","방"
"1935","감동"
"1936","적"
"1937","프로포즈"
"1938","방법"
"1939","요"
"1940","결혼"
"1941","2"
"1942","주"
"1943","2010."
"1944","02."
"1945","01"
"1946","프로포즈"
"1947","선물"
"1948","주인공"
"1949","중요"
"1950","한날"
"1951","선물"
"1952","의미"
"1953","빛"
"1954","안나자나요~"
"1955","이럴때"
"1956","이벤트"
"1957","의미"
"1958","빛"
"1959","날거에요~"
"1960","카페"
"1961","생활"
"1962","가족"
"1963","연애"
"1964","결혼"
"1965","답변"
"1966","수"
"1967","5"
"1968","추천"
"1969","수"
"1970","14"
"1971","조회"
"1972","수"
"1973","1209"
"1974","1"
"1975","여자"
"1976","친구"
"1977","2"
"1978","주년"
"1979","프로포즈"
"1980","기념"
"1981","선물"
"1982","2009."
"1983","05."
"1984","25"
"1985","2"
"1986","주년"
"1987","시점"
"1988","프로포즈겸"
"1989","결혼식"
"1990","이벤트"
"1991","선물"
"1992","준비"
"1993","마지막"
"1994","내공"
"1995","20"
"1996","개"
"1997","꼭!!"
"1998","독특"
"1999","한"
"2000","프로포즈"
"2001","경험"
"2002","방법"
"2003","특별"
"2004","한"
"2005","선물"
"2006","아이스크림"
"2007","반지"
"2008","이런거"
"2009","말구"
"2010","요"
"2011","생활"
"2012","가족"
"2013","연애"
"2014","결혼"
"2015","답변"
"2016","수"
"2017","1"
"2018","추천"
"2019","수"
"2020","3"
"2021","조회"
"2022","수"
"2023","328"
"2024","3"
"2025",""
"2026","프로포즈"
"2027","동영상"
"2028","드"
"2029","프로포즈동영상을만드려합니다..."
"2030","2010."
"2031","08."
"2032","10"
"2033","자연"
"2034","이"
"2035","수"
"2036","중요"
"2037","한"
"2038","이벤트"
"2039","^ㅎ^ㅎ"
"2040","3"
"2041","꽃다발"
"2042","반지"
"2043","목걸이"
"2044","프로포즈"
"2045","선물"
"2046","준비"
"2047","여유"
"2048","되신다면요.."
"2049","프로포즈"
"2050","이벤트"
"2051","시"
"2052","상관"
"2053","말"
"2054","프로포즈"
"2055","생활"
"2056","가족"
"2057","연애"
"2058","결혼"
"2059","답변"
"2060","수"
"2061","1"
"2062","추천"
"2063","수"
"2064","1"
"2065","조회"
"2066","수"
"2067","716"
"2068","1"
"2069",""
"2070","프로포즈"
"2071","관련"
"2072","프"
"2073","프로포즈"
"2074","관련"
"2075","프로포즈"
"2076","조언"
"2077","2010."
"2078","10."
"2079","20"
"2080","저"
"2081","저"
"2082","여자"
"2083","친구"
"2084","평생"
"2085","기억"
"2086","시간"
"2087","지"
"2088","신경"
"2089","프로포즈"
"2090","시"
"2091","필요"
"2092","한"
"2093","사항"
"2094","들"
"2095","조언"
"2096","저"
"2097","프로포즈"
"2098","선물"
"2099","중"
"2100","님"
"2101","최고"
"2102","프로포즈"
"2103","반지"
"2104","용돈"
"2105","생활"
"2106","가족"
"2107","연애"
"2108","결혼"
"2109","답변"
"2110","수"
"2111","2"
"2112","추천"
"2113","수"
"2114","1"
"2115","조회"
"2116","수"
"2117","273"
"2118","0"
"2119","프로포즈"
"2120","방법좀여"
"2121","2008."
"2122","03."
"2123","22"
"2124","여자"
"2125","남자"
"2126","프로포즈"
"2127","선물"
"2128","10"
"2129","가지"
"2130","2008."
"2131","05."
"2132","26"
"2133","여자"
"2134","들이"
"2135","프로포즈"
"2136","의미"
"2137","남자들"
"2138","그것"
"2139","분위기"
"2140","로맨틱"
"2141","함"
"2142","추구"
"2143","여자"
"2144","들"
"2145","그"
"2146","프로포즈"
"2147","선물"
"2148","10"
"2149","가지"
"2150","공개"
"2151","1"
"2152","액자"
"2153","사회"
"2154","정치"
"2155","사회"
"2156","문화"
"2157","사람"
"2158","그룹"
"2159","답변"
"2160","수"
"2161","5"
"2162","추천"
"2163","수"
"2164","0"
"2165","조회"
"2166","수"
"2167","1073"
"2168","5"
"2169",""
"2170",""
"2171",""
"2172","남자분"
"2173","들보"
"2174","남"
"2175","남자분"
"2176","들보"
"2177","남자"
"2178","프로포즈"
"2179","2010."
"2180","03."
"2181","05"
"2182","평소"
"2183","프로포즈"
"2184","선물"
"2185","한"
"2186","번"
"2187","소개"
"2188","해"
"2189","결혼"
"2190","후"
"2191","간직"
"2192","수"
"2193","그동안"
"2194","말"
"2195","편지"
"2196","의미"
"2197","것"
"2198","사진"
"2199","것"
"2200","같구요..."
"2201","엔터테인먼트"
"2202","예술"
"2203","답변"
"2204","수"
"2205","1"
"2206","추천"
"2207","수"
"2208","5"
"2209","조회"
"2210","수"
"2211","215"
"2212","8"
"2213",""
"2214","프로포즈겸/이벤트"
"2215","프로포즈겸/이벤트"
"2216","여자"
"2217","친구"
"2218","생일"
"2219","선물"
"2220","추천"
"2221","2010."
"2222","07."
"2223","27"
"2224","여자"
"2225","친구"
"2226","생일"
"2227","선물"
"2228","안성맞춤"
"2229","듯"
"2230","선물"
"2231","리뷰"
"2232","블로그를"
"2233","운영"
"2234","선물"
"2235","정보"
"2236","프로포즈"
"2237","사용"
"2238","팝송"
"2239","이미지"
"2240","글귀"
"2241","등"
"2242","자료"
"2243","생활"
"2244","가족"
"2245","가족"
"2246","행사"
"2247","이벤트"
"2248","답변"
"2249","수"
"2250","4"
"2251","추천"
"2252","수"
"2253","5"
"2254","조회"
"2255","수"
"2256","677"
"2257","0"
"2258","프로포즈"
"2259","경험담"
"2260","감동"
"2261","2010."
"2262","12."
"2263","02"
"2264","프로포즈"
"2265","선물"
"2266","목걸이"
"2267","4"
"2268","꽃다발"
"2269","준비"
"2270","뭐"
"2271","준비"
"2272","상황"
"2273","저"
"2274","수"
"2275","최선"
"2276","방법"
"2277","준비"
"2278","다음"
"2279","이벤트"
"2280","계획"
"2281","계획"
"2282","DVD"
"2283","방"
"2284","사진"
"2285","포스트"
"2286","생활"
"2287","가족"
"2288","연애"
"2289","결혼"
"2290","답변"
"2291","수"
"2292","1"
"2293","추천"
"2294","수"
"2295","1"
"2296","조회"
"2297","수"
"2298","290"
"2299","8"
"2300",""
"2301","프로포즈"
"2302","준비중입니"
"2303","프로포즈"
"2304","준비"
"2305","중"
"2306","프로포즈"
"2307","경험자"
"2308","분"
"2309","2010."
"2310","04."
"2311","12"
"2312","저"
"2313","프로포즈"
"2314","이벤트"
"2315","힌트"
"2316","프로포즈"
"2317","반지"
"2318","준비하실거구"
"2319","프로포즈"
"2320","반지"
"2321","반지"
"2322","그것"
"2323","선물"
"2324","감동"
"2325","적"
"2326","선물"
"2327","이"
"2328","프로포즈"
"2329","선물"
"2330","감동CD라는"
"2331","프로포즈"
"2332","생활"
"2333","답변"
"2334","수"
"2335","1"
"2336","추천"
"2337","수"
"2338","4"
"2339","조회"
"2340","수"
"2341","273"
"2342","4"
"2343","프로포즈에관해서"
"2344","2010."
"2345","02."
"2346","20"
"2347","이번"
"2348","주"
"2349","토요일"
"2350","시간"
"2351","내"
"2352","여자"
"2353","친구"
"2354","종로에"
"2355","귀금속"
"2356","도매상가"
"2357","다녀올거고"
"2358","반지"
"2359","장미꽃"
"2360","한"
"2361","다발"
"2362","프로포즈"
"2363","선물"
"2364","기본"
"2365","준비"
"2366","것"
"2367","외"
"2368","저"
"2369","준비"
"2370","수"
"2371","선물"
"2372","프로포즈"
"2373","이벤트"
"2374","생활"
"2375","가족"
"2376","연애"
"2377","결혼"
"2378","답변"
"2379","수"
"2380","1"
"2381","추천"
"2382","수"
"2383","0"
"2384","조회"
"2385","수"
"2386","35"
"2387","7"
"2388",""
"2389","프로포즈"
"2390","로맨틱"
"2391","록"
"2392","프로포즈"
"2393","로맨틱하도록Σ"
"2394","2013."
"2395","07."
"2396","11"
"2397","암튼"
"2398","여자"
"2399","친구"
"2400","분"
"2401","평생"
"2402","기억"
"2403","남"
"2404","프로포즈"
"2405","선물"
"2406","하시"
"2407","길"
"2408","바"
"2409","프로포즈"
"2410","성공"
"2411","답변"
"2412","드"
"2413","밑"
"2414","네임카드"
"2415","프로포즈"
"2416","계절"
"2417","것"
"2418","^ㅋ^ㅋ^ㅋ^ㅋ"
"2419","프로포즈"
"2420","얘기"
"2421","생활"
"2422","취미"
"2423","답변"
"2424","수"
"2425","2"
"2426","추천"
"2427","수"
"2428","6"
"2429","조회"
"2430","수"
"2431","160"
"2432","8"
"2433",""
"2434","결혼"
"2435","프로포즈"
"2436","려"
"2437","결혼"
"2438","프로포즈"
"2439","할려고"
"2440","아이디어"
"2441","2010."
"2442","03."
"2443","17"
"2444","^ㅎ^ㅎ"
"2445","전"
"2446","예비신부인데요..."
"2447","저"
"2448","프로포즈"
"2449","선물"
"2450","추천"
"2451","드"
"2452","도움"
"2453","듯"
"2454","싶어서^ㅎ^ㅎ"
"2455","웨딩"
"2456","필수품"
"2457","들"
"2458","프로포즈"
"2459","선물"
"2460","추천"
"2461","드"
"2462","결혼"
"2463","청혼하시는거면.."
"2464","생활"
"2465","가족"
"2466","연애"
"2467","결혼"
"2468","답변"
"2469","수"
"2470","4"
"2471","추천"
"2472","수"
"2473","1"
"2474","조회"
"2475","수"
"2476","508"
"2477","9"
"2478",""
"2479","1000일이벤트"
"2480","프로"
"2481","포"
"2482","즈"
"2483","1000일이벤트"
"2484","프로포즈"
"2485","2013."
"2486","10."
"2487","17"
"2488","1000일기념"
"2489","여행"
"2490","프로포즈"
"2491","선물"
"2492","준비"
"2493","1000일이벤트로"
"2494","프로포즈"
"2495","것"
"2496","생각"
"2497","1000일이벤트를"
"2498","하느냐가"
"2499","관건"
"2500","데"
"2501","저"
"2502","두"
"2503","분"
"2504","추억"
"2505","수"
"2506","생활"
"2507","가족"
"2508","가족"
"2509","행사"
"2510","이벤트"
"2511","답변"
"2512","수"
"2513","1"
"2514","추천"
"2515","수"
"2516","0"
"2517","조회"
"2518","수"
"2519","142"
"2520","4"
"2521",""
"2522","프로포즈"
"2523","이벤트"
"2524","남"
"2525","들"
"2526","프로포즈"
"2527","이벤트"
"2528","남"
"2529","특별"
"2530","하려면?"
"2531","2014."
"2532","02."
"2533","04"
"2534","장미100송이"
"2535","프로포즈"
"2536","때"
"2537","선물"
"2538","눈물"
"2539","장미100송이"
"2540","로망"
"2541","일반"
"2542","장미"
"2543","진짜"
"2544","고급스런걸로"
"2545","플로리스트한테"
"2546","부탁한거였거든요"
"2547","이거"
"2548","이런꽃이"
"2549","없던데요..."
"2550","생활"
"2551","가족"
"2552","연애"
"2553","결혼"
"2554","답변"
"2555","수"
"2556","15"
"2557","추천"
"2558","수"
"2559","5"
"2560","조회"
"2561","수"
"2562","714"
"2563","3"
"2564","이색"
"2565","적"
"2566","프로포즈"
"2567","법"
"2568","2007."
"2569","07."
"2570","04"
"2571","노래"
"2572","분"
"2573","노래"
"2574","동영상"
"2575","프로포즈"
"2576","선물"
"2577","이용"
"2578","효과"
"2579","적"
"2580","아래"
"2581","내용"
"2582","한"
"2583","번"
"2584","엠넷미디어는"
"2585","음악"
"2586","감상"
"2587","디지털"
"2588","음원CP3를"
"2589","이용"
"2590","해"
"2591","음악"
"2592","감상"
"2593","본인"
"2594","생활"
"2595","패션"
"2596","답변"
"2597","수"
"2598","1"
"2599","추천"
"2600","수"
"2601","0"
"2602","조회"
"2603","수"
"2604","172"
"2605","1"
"2606",""
"2607",""
"2608","어떻해"
"2609","선물"
"2610","고백"
"2611","프로포즈할수있을까..."
"2612","2006."
"2613","10."
"2614","01"
"2615","남자"
"2616","프로포즈하면서"
"2617","선물을줄껀데"
"2618","어떻해야"
"2619","선물"
"2620","안받는성격>"
"2621","여자"
"2622","관심"
"2623","저한데"
"2624","관심"
"2625","방법"
"2626","감사"
"2627","답변"
"2628","진짜"
"2629","고민"
"2630","사회"
"2631","정치"
"2632","사회"
"2633","문화"
"2634","사람"
"2635","그룹"
"2636","답변"
"2637","수"
"2638","1"
"2639","추천"
"2640","수"
"2641","0"
"2642","조회"
"2643","수"
"2644","55"
"2645","9"
"2646","좋아하는여자에게"
"2647","멋진프로포즈하기"
"2648","2009."
"2649","01."
"2650","22"
"2651","정식"
"2652","수"
"2653","멋진프로포즈선물로"
"2654","반지"
"2655","데"
"2656","저"
"2657","오"
"2658","바"
"2659","하는건"
"2660","데"
"2661","여성"
"2662","분"
"2663","저"
"2664","어느정도"
"2665","호감"
"2666","생각"
"2667","튕기긴"
"2668","둘다"
"2669","마음"
"2670","있다는걸"
"2671","확신"
"2672","하기"
"2673","때문"
"2674","사회"
"2675","정치"
"2676","사회"
"2677","문화"
"2678","사람"
"2679","그룹"
"2680","답변"
"2681","수"
"2682","2"
"2683","추천"
"2684","수"
"2685","0"
"2686","조회"
"2687","수"
"2688","190"
"2689","1"
"2690","결혼"
"2691","결혼"
"2692","프로포즈"
"2693","할려고..."
"2694","2007."
"2695","10."
"2696","25"
"2697","프로포즈"
"2698","선물"
"2699","두"
"2700","분"
"2701","장소"
"2702","특별"
"2703","한"
"2704","추억"
"2705","곳"
"2706","선물"
"2707","것"
"2708","것"
"2709","같은데요."
"2710","뭐"
"2711","제"
"2712","생각"
"2713","이정도니까"
"2714","인형"
"2715","제작"
"2716","곳"
"2717","톡톡공작실이라고"
"2718","검색"
"2719","것"
"2720","생활"
"2721","가족"
"2722","연애"
"2723","결혼"
"2724","답변"
"2725","수"
"2726","10"
"2727","추천"
"2728","수"
"2729","0"
"2730","조회"
"2731","수"
"2732","650"
"2733","5"
"2734","만"
"2735","프로포즈"
"2736","데이트"
"2737","코스"
"2738","선물"
"2739","등"
"2740","2008."
"2741","12."
"2742","21"
"2743","남"
"2744","내용"
"2745","대"
"2746","그"
"2747","애에대한"
"2748","님"
"2749","마음"
"2750","한"
"2751","번"
"2752","보셔보세요^^"
"2753","뭐"
"2754","프로포즈"
"2755","성공"
"2756","선물"
"2757","님"
"2758","용돈"
"2759","커플"
"2760","링"
"2761","목걸이"
"2762","등"
"2763","선물"
"2764","지역Q&A"
"2765","답변"
"2766","수"
"2767","5"
"2768","추천"
"2769","수"
"2770","1"
"2771","조회"
"2772","수"
"2773","126"
"2774","9"
"2775","초딩5학년여자4학년"
"2776","프로포즈"
"2777","2013."
"2778","09."
"2779","22"
"2780","저는5학년남자애고"
"2781","그런데놀이터에서놀고있는4학년여자애을좋아했고"
"2782","그런데제가"
"2783","프로포즈을하고싶어여ㅠㅠㅠ"
"2784","1."
"2785","프로포즈장소2."
"2786","선물3."
"2787","고백하는법4."
"2788","여자"
"2789","어떤남자애들을좋하아나알려주세여"
"2790","초딩이"
"2791","연하"
"2792","생활"
"2793","기타"
"2794","답변"
"2795","수"
"2796","2"
"2797","추천"
"2798","수"
"2799","0"
"2800","조회"
"2801","수"
"2802","18"
"2803","2"
"2804",""
"2805","프로포즈"
"2806","반지"
"2807","결혼"
"2808","반"
"2809","프로포즈"
"2810","반지"
"2811","결혼반지"
"2812","준비"
"2813","3"
"2814","시간"
"2815","마음"
"2816","선물"
"2817","준비"
"2818","준비"
"2819","프로포즈"
"2820","반지"
"2821","프로포즈"
"2822","반지"
"2823","1부다이아나"
"2824","3부다이아반지"
"2825","정도"
"2826","준비"
"2827","저"
"2828","1부다이아반지로"
"2829","프로포즈"
"2830","결혼"
"2831","뒤"
"2832","생활"
"2833","가족"
"2834","연애"
"2835","결혼"
"2836","답변"
"2837","수"
"2838","5"
"2839","추천"
"2840","수"
"2841","1"
"2842","조회"
"2843","수"
"2844","2"
"2845","3"
"2846",""
"2847","프로포즈이벤트를준"
"2848","비"
"2849","프로포즈이벤트를준비하려합니다..."
"2850","2011."
"2851","02."
"2852","21"
"2853","도움"
"2854","듯"
"2855","도움"
"2856","정보"
"2857","만족"
"2858","프로포즈"
"2859","이벤트"
"2860","성공"
"2861","적"
"2862","프로포즈"
"2863","선물"
"2864","몇"
"2865","번"
"2866","전화상담"
"2867","하시"
"2868","성공"
"2869","후"
"2870","동료"
"2871","추천"
"2872","분"
"2873","이야기"
"2874","생활"
"2875","가족"
"2876","연애"
"2877","결혼"
"2878","답변"
"2879","수"
"2880","3"
"2881","추천"
"2882","수"
"2883","9"
"2884","조회"
"2885","수"
"2886","1158"
"2887","2"
"2888","기억"
"2889","만"
"2890","특별"
"2891","한"
"2892","프로포즈"
"2893","2014."
"2894","01."
"2895","23"
"2896","감사"
"2897","프로포즈할"
"2898","때"
"2899","줄"
"2900","선물"
"2901","반지"
"2902","어떤것이"
"2903","실용"
"2904","적"
"2905","것"
"2906","특별"
"2907","한"
"2908","프로포즈"
"2909","곳"
"2910","프로포즈"
"2911","준비"
"2912","하기"
"2913","시간"
"2914","시간"
"2915","쓰시고^^"
"2916","프로포즈"
"2917","이벤트"
"2918","생활"
"2919","가족"
"2920","연애"
"2921","결혼"
"2922","답변"
"2923","수"
"2924","2"
"2925","추천"
"2926","수"
"2927","0"
"2928","조회"
"2929","수"
"2930","241"
"2931","8"
"2932","프로포즈할때"
"2933","커플"
"2934","링"
"2935","선물"
"2936","데"
"2937","커플링추천..."
"2938","2010."
"2939","08."
"2940","31"
"2941","프로포즈할때"
"2942","선물"
"2943","커플"
"2944","링"
"2945","지식인여러분들께"
"2946","커플링추천"
"2947","여자"
"2948","친구"
"2949","5"
"2950","주년"
"2951","5"
"2952","주년"
"2953","기념일"
"2954","때"
"2955","커플"
"2956","링"
"2957","프로포즈"
"2958","패션"
"2959","주얼리"
"2960","반지"
"2961","팔찌"
"2962","답변"
"2963","수"
"2964","1"
"2965","추천"
"2966","수"
"2967","2"
"2968","조회"
"2969","수"
"2970","1025"
"2971","4"
"2972",""
"2973","야구장"
"2974","프로포즈"
"2975","어떻"
"2976","것"
"2977","야구장"
"2978","프로포즈"
"2979","대구"
"2980","구장"
"2981","태양신"
"2982","답변"
"2983","2014."
"2984","04."
"2985","03"
"2986","기본"
"2987","제공"
"2988","시간"
"2989","저"
"2990","저녁"
"2991","식사"
"2992","같이했구여"
"2993","영상"
"2994","편지"
"2995","꽃다발"
"2996","곰인형"
"2997","선물"
"2998","야구장"
"2999","프로포즈"
"3000","하신다고하면"
"3001","대부분"
"3002","동영상"
"3003","준비"
"3004","하시"
"3005","프로포즈"
"3006","반지"
"3007","선물"
"3008","하시"
"3009","방식"
"3010","많이들하고계신데요..."
"3011","스포츠"
"3012","구기"
"3013","스포츠"
"3014","야구"
"3015","답변"
"3016","수"
"3017","4"
"3018","추천"
"3019","수"
"3020","2"
"3021","조회"
"3022","수"
"3023","35"
"3024","7"
