titleId,weekday,title,src
183559,mon,신의 탑,https://shared-comic.pstatic.net/thumb/webtoon/183559/thumbnail/thumbnail_IMAG10_5e13c29c-f451-4430-a84a-a46495fb8cc3.jpg
648419,mon,뷰티풀 군바리,https://shared-comic.pstatic.net/thumb/webtoon/648419/thumbnail/thumbnail_IMAG10_1421195d-13be-4cde-bcf9-0c78d51c5ea3.jpg
602910,mon,윈드브레이커,https://shared-comic.pstatic.net/thumb/webtoon/602910/thumbnail/thumbnail_IMAG10_8914c548-d69d-45d6-8008-bbc129e637c2.jpg
654774,mon,소녀의 세계,https://shared-comic.pstatic.net/thumb/webtoon/654774/thumbnail/thumbnail_IMAG10_b85f5350-ca68-4300-ab15-036d9ee060c8.jpg
597478,mon,평범한 8반,https://shared-comic.pstatic.net/thumb/webtoon/597478/thumbnail/thumbnail_IMAG10_e4cf12ad-ee5b-441f-b237-8c15e488f6ed.jpg
694946,mon,귀전구담,https://shared-comic.pstatic.net/thumb/webtoon/694946/thumbnail/thumbnail_IMAG10_c5e84842-ae12-4497-899a-c7289b4ede49.jpg
733074,mon,백수세끼,https://shared-comic.pstatic.net/thumb/webtoon/733074/thumbnail/thumbnail_IMAG10_0741d1f6-2bae-474b-87ae-6f1a69988808.jpg
729946,mon,악취,https://shared-comic.pstatic.net/thumb/webtoon/729946/thumbnail/thumbnail_IMAG10_70d8ffd9-e470-45d5-ac40-4102cfa8e40f.jpg
713975,mon,데드라이프,https://shared-comic.pstatic.net/thumb/webtoon/713975/thumbnail/thumbnail_IMAG10_2c34bc9e-747c-4257-bf48-a67a560dca0a.jpg
702422,mon,니편내편,https://shared-comic.pstatic.net/thumb/webtoon/702422/thumbnail/thumbnail_IMAG10_8a7d3a98-291e-4fec-b399-7b8219c90854.jpg
675554,mon,가우스전자 시즌3~4,https://shared-comic.pstatic.net/thumb/webtoon/675554/thumbnail/thumbnail_IMAG10_66613407-1041-4f4f-ad8a-1983361f932e.jpg
730174,mon,칼가는 소녀,https://shared-comic.pstatic.net/thumb/webtoon/730174/thumbnail/thumbnail_IMAG10_cf893d78-7e16-4a4a-95c0-02101c7b3eef.jpg
723714,mon,용비불패 완전판,https://shared-comic.pstatic.net/thumb/webtoon/723714/thumbnail/thumbnail_IMAG10_d7d9c81f-d07b-449d-898a-54136a8a67af.jpg
720121,mon,치즈인더트랩 (재),https://shared-comic.pstatic.net/thumb/webtoon/720121/thumbnail/thumbnail_IMAG10_705a7deb-0073-4861-83fc-533a5bf39f4c.jpg
714185,mon,링크보이,https://shared-comic.pstatic.net/thumb/webtoon/714185/thumbnail/thumbnail_IMAG10_b09f7c2d-7083-467b-95bc-4dace9c21b6f.jpg
727826,mon,교환일기,https://shared-comic.pstatic.net/thumb/webtoon/727826/thumbnail/thumbnail_IMAG10_aea0b8ed-0675-437a-8bf6-04001ad77f99.jpg
709731,mon,유일무이 로맨스,https://shared-comic.pstatic.net/thumb/webtoon/709731/thumbnail/thumbnail_IMAG10_ed364623-7f67-49a0-bc8f-e8d894fe2c81.jpg
729039,mon,레이드,https://shared-comic.pstatic.net/thumb/webtoon/729039/thumbnail/thumbnail_IMAG10_8f73530f-a8ef-4975-8978-e8cde0e55ecf.jpg
694807,mon,마왕이 되는 중2야,https://shared-comic.pstatic.net/thumb/webtoon/694807/thumbnail/thumbnail_IMAG10_68d16602-0018-487b-ac48-3314c25c1606.jpg
714886,mon,신을 죽이는 방법,https://shared-comic.pstatic.net/thumb/webtoon/714886/thumbnail/thumbnail_IMAG10_dbf1c5f4-08ec-47f6-bd6d-ab6304d907de.jpg
730465,mon,지옥,https://shared-comic.pstatic.net/thumb/webtoon/730465/thumbnail/thumbnail_IMAG10_9e20f543-98aa-4b6c-a36a-76f1626cdb66.jpg
698888,mon,이것도 친구라고,https://shared-comic.pstatic.net/thumb/webtoon/698888/thumbnail/thumbnail_IMAG10_d790af01-aba0-4c59-baca-1e61801cfa89.png
21815,mon,히어로메이커,https://shared-comic.pstatic.net/thumb/webtoon/21815/thumbnail/thumbnail_title_21815_83x90.gif
721949,mon,일진이 사나워,https://shared-comic.pstatic.net/thumb/webtoon/721949/thumbnail/thumbnail_IMAG10_7f13bf37-cf66-4cfb-922c-8399016459d7.jpg
703849,mon,요리GO,https://shared-comic.pstatic.net/thumb/webtoon/703849/thumbnail/thumbnail_IMAG10_0db3bde0-d867-47fd-8f34-411491c9e830.jpg
716857,mon,오늘의 순정망화,https://shared-comic.pstatic.net/thumb/webtoon/716857/thumbnail/thumbnail_IMAG10_cf1f325d-f0de-452d-a996-7e95cee200f4.jpg
721559,mon,푸들과 Dog거중,https://shared-comic.pstatic.net/thumb/webtoon/721559/thumbnail/thumbnail_IMAG10_82439b6a-170a-4b02-a9a5-06793062cd51.jpg
727836,mon,첫사랑입니다만,https://shared-comic.pstatic.net/thumb/webtoon/727836/thumbnail/thumbnail_IMAG10_f842e125-5972-4750-afd4-d5cbc52d20e3.jpg
728750,mon,장씨세가 호위무사,https://shared-comic.pstatic.net/thumb/webtoon/728750/thumbnail/thumbnail_IMAG10_28b18670-96f6-4930-8b77-4bbffb173764.jpg
725830,mon,같은도장,https://shared-comic.pstatic.net/thumb/webtoon/725830/thumbnail/thumbnail_IMAG10_f8a6b2ea-7e99-410f-8b72-f1b1e4b289cb.jpg
727838,mon,위대한 방옥숙,https://shared-comic.pstatic.net/thumb/webtoon/727838/thumbnail/thumbnail_IMAG10_eafeebfe-214e-4046-9962-53e66e272ea5.jpg
687915,mon,꿈의 기업,https://shared-comic.pstatic.net/thumb/webtoon/687915/thumbnail/thumbnail_IMAG10_e03acc4a-a1ce-4ebc-a021-e3cc07af5f20.jpg
733078,mon,정보전사 202,https://shared-comic.pstatic.net/thumb/webtoon/733078/thumbnail/thumbnail_IMAG10_6d5be1f2-2a86-48b2-b766-d493f4965e6e.jpg
726212,mon,삶이 우리를 속일지라도,https://shared-comic.pstatic.net/thumb/webtoon/726212/thumbnail/thumbnail_IMAG10_04f8b297-1e05-4924-ae3f-b95859949126.jpg
724817,mon,귀인,https://shared-comic.pstatic.net/thumb/webtoon/724817/thumbnail/thumbnail_IMAG10_fa8d05ef-cd2e-40f6-9c77-ed8f245db7c7.jpg
706590,mon,피플,https://shared-comic.pstatic.net/thumb/webtoon/706590/thumbnail/thumbnail_IMAG10_8cc2bc75-2907-4654-b60b-71e5f0af6fd2.jpg
700858,mon,닥터 하운드,https://shared-comic.pstatic.net/thumb/webtoon/700858/thumbnail/thumbnail_IMAG10_20190617_migrated.jpg
710741,mon,부로콜리왕자,https://shared-comic.pstatic.net/thumb/webtoon/710741/thumbnail/thumbnail_IMAG10_c0dd56d6-d08a-4552-91f2-3be36b397349.jpg
733488,mon,메이크 업 드림 - Make Up Dream,https://shared-comic.pstatic.net/thumb/webtoon/733488/thumbnail/thumbnail_IMAG10_e2302035-719f-44be-ba28-f83b829b0d2a.jpg
713581,mon,내 여자친구는 상남자,https://shared-comic.pstatic.net/thumb/webtoon/713581/thumbnail/thumbnail_IMAG10_fce3c3c1-2356-4916-aba2-0f561f579c1c.jpg
730391,mon,하슬라,https://shared-comic.pstatic.net/thumb/webtoon/730391/thumbnail/thumbnail_IMAG10_50f4d08d-978f-43da-ac8c-bdfaac4426a6.jpg
733770,mon,인간의 온도,https://shared-comic.pstatic.net/thumb/webtoon/733770/thumbnail/thumbnail_IMAG10_bcfdab24-7ddb-4cb4-bd12-593eb3ee2270.jpg
720120,mon,내 어린고양이와 늙은개 (재),https://shared-comic.pstatic.net/thumb/webtoon/720120/thumbnail/thumbnail_IMAG10_97de015a-6d49-442e-8fd9-ddee2c1ed6b7.jpg
726189,mon,요괴대전,https://shared-comic.pstatic.net/thumb/webtoon/726189/thumbnail/thumbnail_IMAG10_47a237d4-4cce-46e4-8081-c4f650721f7f.jpg
730811,mon,사소한 냐냐,https://shared-comic.pstatic.net/thumb/webtoon/730811/thumbnail/thumbnail_IMAG10_50d81076-1442-437a-8a04-1b1dab7254c5.jpg
721455,mon,뱀파이어의 꽃,https://shared-comic.pstatic.net/thumb/webtoon/721455/thumbnail/thumbnail_IMAG10_29b3e2e2-7a67-4c5e-872a-5d9d62ca9ae1.jpg
724965,mon,플랫다이어리,https://shared-comic.pstatic.net/thumb/webtoon/724965/thumbnail/thumbnail_IMAG10_19a47276-a66c-4a76-b1b9-051215c307f2.jpg
734399,mon,여기 악마가 있어,https://shared-comic.pstatic.net/thumb/webtoon/734399/thumbnail/thumbnail_IMAG10_ffec1cd5-6896-4d88-842e-bad671225a26.jpg
703846,tue,여신강림,https://shared-comic.pstatic.net/thumb/webtoon/703846/thumbnail/thumbnail_IMAG10_35503130-16ce-4236-b913-0fe76226de36.jpg
20853,tue,마음의소리,https://shared-comic.pstatic.net/thumb/webtoon/20853/thumbnail/thumbnail_IMAG10_545c2365-1d18-4cd3-afd9-27b161a4c664.jpg
708378,tue,[드라마원작] 타인은 지옥이다,https://shared-comic.pstatic.net/thumb/webtoon/708378/thumbnail/thumbnail_IMAG10_e63ecfd1-9f7d-4b65-a1df-05f6241daba0.jpg
119874,tue,덴마,https://shared-comic.pstatic.net/thumb/webtoon/119874/thumbnail/title_thumbnail_20150706185233_t83x90.jpg
702608,tue,랜덤채팅의 그녀!,https://shared-comic.pstatic.net/thumb/webtoon/702608/thumbnail/thumbnail_IMAG10_85425026-fd1c-4a8a-8d58-e257bbf892c0.jpg
642653,tue,사이드킥 2~3,https://shared-comic.pstatic.net/thumb/webtoon/642653/thumbnail/thumbnail_IMAG10_7a019732-5db6-4c88-85fb-a65e69748797.jpg
698918,tue,원주민 공포만화,https://shared-comic.pstatic.net/thumb/webtoon/698918/thumbnail/thumbnail_IMAG10_1ffbcabb-b5fd-41d8-9500-faaee1d3cbb4.jpg
730656,tue,사신소년,https://shared-comic.pstatic.net/thumb/webtoon/730656/thumbnail/thumbnail_IMAG10_b324ec4f-f869-4b55-b2fb-63306bef3a41.jpg
703852,tue,바른연애 길잡이,https://shared-comic.pstatic.net/thumb/webtoon/703852/thumbnail/thumbnail_IMAG10_be0db503-bd1a-4a2a-8cb3-6601ec3e929e.jpg
602287,tue,신의 언어,https://shared-comic.pstatic.net/thumb/webtoon/602287/thumbnail/thumbnail_IMAG10_224813aa-66df-4442-8647-1b44d645964b.jpg
675554,tue,가우스전자 시즌3~4,https://shared-comic.pstatic.net/thumb/webtoon/675554/thumbnail/thumbnail_IMAG10_66613407-1041-4f4f-ad8a-1983361f932e.jpg
695321,tue,빙탕후루,https://shared-comic.pstatic.net/thumb/webtoon/695321/thumbnail/thumbnail_IMAG10_ed636544-e826-4b9b-96f2-fce37c9f8e54.jpg
702672,tue,노곤하개,https://shared-comic.pstatic.net/thumb/webtoon/702672/thumbnail/thumbnail_IMAG10_bea8fafc-f043-4712-97e7-f9dbc5c61dcb.jpg
616239,tue,윌유메리미,https://shared-comic.pstatic.net/thumb/webtoon/616239/thumbnail/title_thumbnail_20161031214436_t83x90.jpg
654138,tue,은주의 방 2~3부,https://shared-comic.pstatic.net/thumb/webtoon/654138/thumbnail/thumbnail_IMAG10_6703cec5-78ee-4a87-9362-e46b6763b432.jpg
732988,tue,올가미,https://shared-comic.pstatic.net/thumb/webtoon/732988/thumbnail/thumbnail_IMAG10_005eaa74-c2da-4adc-b9bf-5b0350ab8a62.jpg
711422,tue,삼국지톡,https://shared-comic.pstatic.net/thumb/webtoon/711422/thumbnail/thumbnail_IMAG10_93d0ea21-a066-4842-b164-1b7b363139cf.jpg
400739,tue,에이머,https://shared-comic.pstatic.net/thumb/webtoon/400739/thumbnail/thumbnail_IMAG10_9b32956f-0e80-4d26-afd3-836796eaad25.jpg
676695,tue,제로게임,https://shared-comic.pstatic.net/thumb/webtoon/676695/thumbnail/thumbnail_IMAG10_45724aa5-2db0-4002-956e-573d4e1686a2.jpg
703850,tue,자판귀,https://shared-comic.pstatic.net/thumb/webtoon/703850/thumbnail/thumbnail_IMAG10_d093ab2d-a006-457b-92b5-1da097bc3af1.jpg
732953,tue,어글리 피플즈,https://shared-comic.pstatic.net/thumb/webtoon/732953/thumbnail/thumbnail_IMAG10_b6628204-2a4a-4d01-a4e2-47cf7292ecfa.jpg
710758,tue,문래빗,https://shared-comic.pstatic.net/thumb/webtoon/710758/thumbnail/thumbnail_IMAG10_92008068-e8b4-448d-951d-490cbb09db42.jpg
723046,tue,하우스키퍼,https://shared-comic.pstatic.net/thumb/webtoon/723046/thumbnail/thumbnail_IMAG10_28f0f8e5-fe43-45e2-b911-1b73c2109dfc.png
716857,tue,오늘의 순정망화,https://shared-comic.pstatic.net/thumb/webtoon/716857/thumbnail/thumbnail_IMAG10_cf1f325d-f0de-452d-a996-7e95cee200f4.jpg
686312,tue,열정호구,https://shared-comic.pstatic.net/thumb/webtoon/686312/thumbnail/title_thumbnail_20161010182406_t83x90.jpg
733458,tue,3cm 헌터,https://shared-comic.pstatic.net/thumb/webtoon/733458/thumbnail/thumbnail_IMAG10_28672aca-7303-4e2a-8ad3-b14f6c449455.jpg
719899,tue,살인자o난감 (재),https://shared-comic.pstatic.net/thumb/webtoon/719899/thumbnail/thumbnail_IMAG10_20190617_migrated.jpg
731063,tue,킬링타임,https://shared-comic.pstatic.net/thumb/webtoon/731063/thumbnail/thumbnail_IMAG10_13faaaa9-d255-425e-8bab-bd381595defd.jpg
721433,tue,집이 없어,https://shared-comic.pstatic.net/thumb/webtoon/721433/thumbnail/thumbnail_IMAG10_7473d8cd-99db-4f80-98d4-cc5af7150c76.jpg
726214,tue,정년이,https://shared-comic.pstatic.net/thumb/webtoon/726214/thumbnail/thumbnail_IMAG10_45548b35-fad7-4f03-9c42-247fd97fbae9.jpg
725831,tue,땅 보고 걷는 아이,https://shared-comic.pstatic.net/thumb/webtoon/725831/thumbnail/thumbnail_IMAG10_3017dea9-5240-477c-9550-46b8766f2966.jpg
710750,tue,악마와 계약연애,https://shared-comic.pstatic.net/thumb/webtoon/710750/thumbnail/thumbnail_IMAG10_17f35b20-c52e-44db-8378-63d5d7a37955.jpg
730148,tue,피와 살,https://shared-comic.pstatic.net/thumb/webtoon/730148/thumbnail/thumbnail_IMAG10_9341cde8-427c-49af-8ad9-f1077f6d6b1e.jpg
731019,tue,그날 죽은 나는,https://shared-comic.pstatic.net/thumb/webtoon/731019/thumbnail/thumbnail_IMAG10_8d244a54-e464-4e86-b1e5-6fe4c6874d6b.jpg
719508,tue,헬58,https://shared-comic.pstatic.net/thumb/webtoon/719508/thumbnail/thumbnail_IMAG10_20190617_migrated.jpg
712901,tue,위장불륜 (僞裝不倫),https://shared-comic.pstatic.net/thumb/webtoon/712901/thumbnail/thumbnail_IMAG10_7a0e2734-13a7-452f-8e2b-e90d192cf845.jpg
733006,tue,너에게만 보이는,https://shared-comic.pstatic.net/thumb/webtoon/733006/thumbnail/thumbnail_IMAG10_5a061ef3-bef3-46c4-ba57-0fe01cd2cd61.jpg
733765,tue,저세상 클라스!,https://shared-comic.pstatic.net/thumb/webtoon/733765/thumbnail/thumbnail_IMAG10_8cf3eab5-45ed-4a5e-a881-4cddd0665bc2.jpg
626906,tue,패밀리 사이즈,https://shared-comic.pstatic.net/thumb/webtoon/626906/thumbnail/title_thumbnail_20150810235651_t83x90.jpg
713289,tue,참새는 새!신부,https://shared-comic.pstatic.net/thumb/webtoon/713289/thumbnail/thumbnail_IMAG10_9e9e344d-17f5-42b1-9e2e-80b906acc5a6.jpg
732071,tue,가령의 정체불명 이야기,https://shared-comic.pstatic.net/thumb/webtoon/732071/thumbnail/thumbnail_IMAG10_0c96b047-dba2-40c8-8558-8622a8d53d9b.jpg
728061,tue,돼지만화,https://shared-comic.pstatic.net/thumb/webtoon/728061/thumbnail/thumbnail_IMAG10_38bbc33b-c312-493d-85ed-b587c6dd255f.jpg
720810,tue,블랙엔젤,https://shared-comic.pstatic.net/thumb/webtoon/720810/thumbnail/thumbnail_IMAG10_39ffa39d-c7e6-4edc-a589-30972dbf2097.jpg
733080,tue,그놈은 흑염룡,https://shared-comic.pstatic.net/thumb/webtoon/733080/thumbnail/thumbnail_IMAG10_7a248375-a6bf-466d-a723-1f2f3b27c946.jpg
722728,tue,꿀벌과 아카시아,https://shared-comic.pstatic.net/thumb/webtoon/722728/thumbnail/thumbnail_IMAG10_7f5fd51c-5275-4a48-9a3f-7dd99147fbf4.jpg
731936,tue,오늘, 걸을까?,https://shared-comic.pstatic.net/thumb/webtoon/731936/thumbnail/thumbnail_IMAG10_3ea4393e-c3c4-4a15-a6cc-b14d4207682c.jpg
626907,wed,복학왕,https://shared-comic.pstatic.net/thumb/webtoon/626907/thumbnail/title_thumbnail_20150407141027_t83x90.jpg
651673,wed,유미의 세포들,https://shared-comic.pstatic.net/thumb/webtoon/651673/thumbnail/thumbnail_IMAG10_659b9446-0940-494a-bb5f-5893290a84d0.jpg
667573,wed,연놈,https://shared-comic.pstatic.net/thumb/webtoon/667573/thumbnail/title_thumbnail_20151120112903_t83x90.jpg
670143,wed,헬퍼 2 : 킬베로스,https://shared-comic.pstatic.net/thumb/webtoon/670143/thumbnail/thumbnail_IMAG10_20190617_migrated.jpg
729255,wed,개장수,https://shared-comic.pstatic.net/thumb/webtoon/729255/thumbnail/thumbnail_IMAG10_655c05f9-ec65-408e-9810-4174553e030e.jpg
710747,wed,세상은 돈과 권력,https://shared-comic.pstatic.net/thumb/webtoon/710747/thumbnail/thumbnail_IMAG10_b1079a8d-2d5e-49df-8f30-05b3e215170b.jpg
675554,wed,가우스전자 시즌3~4,https://shared-comic.pstatic.net/thumb/webtoon/675554/thumbnail/thumbnail_IMAG10_66613407-1041-4f4f-ad8a-1983361f932e.jpg
725829,wed,아도나이,https://shared-comic.pstatic.net/thumb/webtoon/725829/thumbnail/thumbnail_IMAG10_6b97d6e4-0a56-4067-97c1-59a9e1e36e47.jpg
710760,wed,이츠마인,https://shared-comic.pstatic.net/thumb/webtoon/710760/thumbnail/thumbnail_IMAG10_0f9651ee-18f9-4fbb-bdf7-cded844fcb6d.jpg
728126,wed,고삼무쌍,https://shared-comic.pstatic.net/thumb/webtoon/728126/thumbnail/thumbnail_IMAG10_0ee45437-dc90-4fe4-8305-dc962f74b861.jpg
703308,wed,신석기녀,https://shared-comic.pstatic.net/thumb/webtoon/703308/thumbnail/thumbnail_IMAG10_033f2738-af42-4697-a652-509c819f2373.jpg
603159,wed,레사 시즌2~3,https://shared-comic.pstatic.net/thumb/webtoon/603159/thumbnail/thumbnail_IMAG10_9c8174b9-022f-466f-acd5-1274aecee71c.jpg
723714,wed,용비불패 완전판,https://shared-comic.pstatic.net/thumb/webtoon/723714/thumbnail/thumbnail_IMAG10_d7d9c81f-d07b-449d-898a-54136a8a67af.jpg
701535,wed,격기3반,https://shared-comic.pstatic.net/thumb/webtoon/701535/thumbnail/thumbnail_IMAG10_4d4befe4-475f-4c02-be9b-085d0a9ece77.jpg
731297,wed,갓물주,https://shared-comic.pstatic.net/thumb/webtoon/731297/thumbnail/thumbnail_IMAG10_db3d9187-06c0-4ab6-a9c6-9ce948854547.jpg
733079,wed,원수를 사랑하라,https://shared-comic.pstatic.net/thumb/webtoon/733079/thumbnail/thumbnail_IMAG10_93f97f3e-60a7-4d96-8c8d-5303071202e0.jpg
720121,wed,치즈인더트랩 (재),https://shared-comic.pstatic.net/thumb/webtoon/720121/thumbnail/thumbnail_IMAG10_705a7deb-0073-4861-83fc-533a5bf39f4c.jpg
671421,wed,언덕 위의 제임스,https://shared-comic.pstatic.net/thumb/webtoon/671421/thumbnail/thumbnail_IMAG10_e235827b-2c4d-4321-831c-60688aaa4c51.jpg
721457,wed,그래서 나는 안티팬과 결혼했다,https://shared-comic.pstatic.net/thumb/webtoon/721457/thumbnail/thumbnail_IMAG10_be10395c-8073-4472-8ecf-90924a96d23e.jpg
718020,wed,귀곡의 문,https://shared-comic.pstatic.net/thumb/webtoon/718020/thumbnail/thumbnail_IMAG10_7c551d69-62f1-4869-b365-88f38a70553f.jpg
730425,wed,판타지 여동생!,https://shared-comic.pstatic.net/thumb/webtoon/730425/thumbnail/thumbnail_IMAG10_1021f165-b14c-480b-bf82-3e9d622472ea.jpg
733034,wed,방탈출,https://shared-comic.pstatic.net/thumb/webtoon/733034/thumbnail/thumbnail_IMAG10_6658a635-2976-42fe-bc43-647ca74d5eed.jpg
728015,wed,모죠의 일지,https://shared-comic.pstatic.net/thumb/webtoon/728015/thumbnail/thumbnail_IMAG10_97de566e-d2cd-4590-b071-c678a3e85c56.jpg
703628,wed,성공한 덕후,https://shared-comic.pstatic.net/thumb/webtoon/703628/thumbnail/thumbnail_IMAG10_eed4a3ca-783c-4bac-baaf-08ac5c3fab74.jpg
733081,wed,2019 루키 단편선-지옥캠프,https://shared-comic.pstatic.net/thumb/webtoon/733081/thumbnail/thumbnail_IMAG10_7d96746b-04d9-4616-a98b-2eddc359a1df.jpg
727268,wed,커넥트,https://shared-comic.pstatic.net/thumb/webtoon/727268/thumbnail/thumbnail_IMAG10_f1008bab-b11a-42cf-89fc-98eeb5b16661.jpg
717481,wed,일렉시드,https://shared-comic.pstatic.net/thumb/webtoon/717481/thumbnail/thumbnail_IMAG10_a5c5d545-d995-465e-b8ed-f6bfc0a2464d.jpg
732955,wed,닥터앤닥터 육아일기,https://shared-comic.pstatic.net/thumb/webtoon/732955/thumbnail/thumbnail_IMAG10_404a37ed-7552-41bb-8138-3ea97cc7bb03.jpg
732259,wed,텃밭부 사건일지,https://shared-comic.pstatic.net/thumb/webtoon/732259/thumbnail/thumbnail_IMAG10_cf667829-bd48-4d8f-bb45-a7cc35a0962e.jpg
670140,wed,203호 저승사자,https://shared-comic.pstatic.net/thumb/webtoon/670140/thumbnail/thumbnail_IMAG10_9f5deabc-dc5b-4401-8548-35d98126bb14.jpg
733137,wed,어쩐지 수상하더라,https://shared-comic.pstatic.net/thumb/webtoon/733137/thumbnail/thumbnail_IMAG10_76dc6c43-f0a6-4ae2-a592-d5bb2c81a252.jpg
635174,wed,씬커,https://shared-comic.pstatic.net/thumb/webtoon/635174/thumbnail/title_thumbnail_20161108161056_t83x90.jpg
722386,wed,오라존미,https://shared-comic.pstatic.net/thumb/webtoon/722386/thumbnail/thumbnail_IMAG10_713aaa93-8e3c-473d-8156-fac48c19ff3b.jpg
709992,wed,옆반의 인어,https://shared-comic.pstatic.net/thumb/webtoon/709992/thumbnail/thumbnail_IMAG10_d1bf263c-7d44-47fa-80a7-0f46174d11aa.jpg
734041,wed,밀웜,https://shared-comic.pstatic.net/thumb/webtoon/734041/thumbnail/thumbnail_IMAG10_9b888725-a0a5-464e-a52b-d0f8b5b5d712.jpg
602916,wed,칼부림,https://shared-comic.pstatic.net/thumb/webtoon/602916/thumbnail/thumbnail_IMAG10_243624c9-67a6-442d-bf1f-d1cade18a8ef.jpg
714834,wed,자취로운 생활,https://shared-comic.pstatic.net/thumb/webtoon/714834/thumbnail/thumbnail_IMAG10_e8f48301-bbcf-40d2-ac92-9a8e45ee2d5d.jpg
731939,wed,나의 우주,https://shared-comic.pstatic.net/thumb/webtoon/731939/thumbnail/thumbnail_IMAG10_a3d0d491-aa09-49d2-a852-681a889b742a.jpg
720120,wed,내 어린고양이와 늙은개 (재),https://shared-comic.pstatic.net/thumb/webtoon/720120/thumbnail/thumbnail_IMAG10_97de015a-6d49-442e-8fd9-ddee2c1ed6b7.jpg
703633,wed,안녕, 대학생,https://shared-comic.pstatic.net/thumb/webtoon/703633/thumbnail/thumbnail_IMAG10_bb71f1fd-2777-4406-b107-505257fec051.jpg
729735,wed,남산선녀전,https://shared-comic.pstatic.net/thumb/webtoon/729735/thumbnail/thumbnail_IMAG10_b579b8a8-26c1-401a-93a5-77ca267ab6a9.jpg
697254,wed,푸른사막 아아루,https://shared-comic.pstatic.net/thumb/webtoon/697254/thumbnail/thumbnail_IMAG10_373726b6-d41b-4a6d-bb8e-68b6e344471f.jpg
716164,wed,로베스의 완전감각,https://shared-comic.pstatic.net/thumb/webtoon/716164/thumbnail/thumbnail_IMAG10_9cd23991-019f-4a61-bb25-2d3f968c51d6.jpg
718022,wed,신시의 손님,https://shared-comic.pstatic.net/thumb/webtoon/718022/thumbnail/thumbnail_IMAG10_60d63cc9-fc67-4d21-940e-f8860bdc2413.jpg
570503,thu,연애혁명,https://shared-comic.pstatic.net/thumb/webtoon/570503/thumbnail/thumbnail_IMAG10_5719a3fe-81f4-4a0c-8c27-eca1631e8384.jpg
708378,thu,[드라마원작] 타인은 지옥이다,https://shared-comic.pstatic.net/thumb/webtoon/708378/thumbnail/thumbnail_IMAG10_e63ecfd1-9f7d-4b65-a1df-05f6241daba0.jpg
731130,thu,이두나!,https://shared-comic.pstatic.net/thumb/webtoon/731130/thumbnail/thumbnail_IMAG10_95bffd81-d7ca-48f7-8e17-3da2c97ae7db.jpg
570506,thu,최강전설 강해효,https://shared-comic.pstatic.net/thumb/webtoon/570506/thumbnail/title_thumbnail_20130710192300_t83x90.jpg
637931,thu,전자오락수호대,https://shared-comic.pstatic.net/thumb/webtoon/637931/thumbnail/thumbnail_IMAG10_f3fcdcff-76fe-43d8-ba90-1e38b5306879.jpg
710761,thu,하드캐리,https://shared-comic.pstatic.net/thumb/webtoon/710761/thumbnail/thumbnail_IMAG10_9f8253a1-2318-4c0d-8d9e-f044f2203d4c.jpg
699415,thu,간 떨어지는 동거,https://shared-comic.pstatic.net/thumb/webtoon/699415/thumbnail/thumbnail_IMAG10_64dbd565-a463-4cb8-b4bb-131bd082cc44.jpg
720128,thu,금요일 베스트,https://shared-comic.pstatic.net/thumb/webtoon/720128/thumbnail/thumbnail_IMAG10_2a8555a0-027a-4186-a7f6-e84fd253ebca.jpg
131385,thu,쿠베라,https://shared-comic.pstatic.net/thumb/webtoon/131385/thumbnail/thumbnail_IMAG10_c5053bcc-3b95-473d-bfe1-e4256bf56b58.jpg
699659,thu,좋아하는 부분,https://shared-comic.pstatic.net/thumb/webtoon/699659/thumbnail/thumbnail_IMAG10_e12f7293-375d-4612-87e7-1b1db2dc9fb0.jpg
727798,thu,겟백,https://shared-comic.pstatic.net/thumb/webtoon/727798/thumbnail/thumbnail_IMAG10_49220347-365e-4b67-a511-502298e4d4f0.jpg
675554,thu,가우스전자 시즌3~4,https://shared-comic.pstatic.net/thumb/webtoon/675554/thumbnail/thumbnail_IMAG10_66613407-1041-4f4f-ad8a-1983361f932e.jpg
733033,thu,로그아웃,https://shared-comic.pstatic.net/thumb/webtoon/733033/thumbnail/thumbnail_IMAG10_d7d0a0fb-b5e8-447c-82d5-bb4c0d73e843.jpg
670144,thu,가담항설,https://shared-comic.pstatic.net/thumb/webtoon/670144/thumbnail/title_thumbnail_20151230192753_t83x90.jpg
715772,thu,좀비딸,https://shared-comic.pstatic.net/thumb/webtoon/715772/thumbnail/thumbnail_IMAG10_45108665-e46e-49f7-9ee5-ded04dbbc6d0.jpg
732056,thu,썸머 브리즈,https://shared-comic.pstatic.net/thumb/webtoon/732056/thumbnail/thumbnail_IMAG10_5b169cb4-4f35-4820-aa6f-c1704ee98a4e.jpg
701700,thu,트롤트랩,https://shared-comic.pstatic.net/thumb/webtoon/701700/thumbnail/thumbnail_IMAG10_91d1c77b-9ad9-43ce-8299-ed986700c65a.jpg
728619,thu,병의 기록,https://shared-comic.pstatic.net/thumb/webtoon/728619/thumbnail/thumbnail_IMAG10_fc7ad34d-1662-4e2f-89d0-dd12a8a6fd02.jpg
718707,thu,한남동 케이하우스,https://shared-comic.pstatic.net/thumb/webtoon/718707/thumbnail/thumbnail_IMAG10_0075c83f-7307-4310-91c9-5964784208a0.jpg
646358,thu,백귀야행지,https://shared-comic.pstatic.net/thumb/webtoon/646358/thumbnail/title_thumbnail_20150120174956_t83x90.jpg
729086,thu,이계 무슨 황비,https://shared-comic.pstatic.net/thumb/webtoon/729086/thumbnail/thumbnail_IMAG10_a5052a40-d673-4768-acf6-d4fdd0624689.jpg
729964,thu,만물의 영장,https://shared-comic.pstatic.net/thumb/webtoon/729964/thumbnail/thumbnail_IMAG10_736db6b9-d554-402f-819a-a3c7b79f4743.jpg
734348,thu,수능일기,https://shared-comic.pstatic.net/thumb/webtoon/734348/thumbnail/thumbnail_IMAG10_df9c9a5a-6d46-4a06-acfd-e6c322396cbc.jpg
726842,thu,무모협지,https://shared-comic.pstatic.net/thumb/webtoon/726842/thumbnail/thumbnail_IMAG10_9a600596-d77d-4ee3-92bf-e0f06f5221cc.jpg
716857,thu,오늘의 순정망화,https://shared-comic.pstatic.net/thumb/webtoon/716857/thumbnail/thumbnail_IMAG10_cf1f325d-f0de-452d-a996-7e95cee200f4.jpg
729040,thu,가타부타타,https://shared-comic.pstatic.net/thumb/webtoon/729040/thumbnail/thumbnail_IMAG10_41b89b63-be1c-4b44-80a8-4e5a256804df.jpg
710768,thu,아르마,https://shared-comic.pstatic.net/thumb/webtoon/710768/thumbnail/thumbnail_IMAG10_ed7c4bd6-152a-456d-a5ed-0a21e6e53dbc.jpg
710639,thu,5kg을 위하여,https://shared-comic.pstatic.net/thumb/webtoon/710639/thumbnail/thumbnail_IMAG10_b8254d4d-67b7-4f18-867b-1ff63e5f304a.jpg
724482,thu,미드나잇 체이서,https://shared-comic.pstatic.net/thumb/webtoon/724482/thumbnail/thumbnail_IMAG10_c16cc550-bcc8-4b78-b34a-702874fc8ddb.jpg
733076,thu,겟라이프,https://shared-comic.pstatic.net/thumb/webtoon/733076/thumbnail/thumbnail_IMAG10_0e1bb8af-a73e-4c24-a7fa-a4eda726b960.jpg
693444,thu,Doll 체인지,https://shared-comic.pstatic.net/thumb/webtoon/693444/thumbnail/thumbnail_IMAG10_35e3e217-ec81-4f9c-9bb6-36c2bc956b68.jpg
160469,thu,특수 영능력 수사반,https://shared-comic.pstatic.net/thumb/webtoon/160469/thumbnail/title_thumbnail_20100616174201_t83x90.jpg
726091,thu,오일머니,https://shared-comic.pstatic.net/thumb/webtoon/726091/thumbnail/thumbnail_IMAG10_a3b3a632-30a8-44bb-8f0b-a3fbbc08a941.jpg
710748,thu,호러와 로맨스,https://shared-comic.pstatic.net/thumb/webtoon/710748/thumbnail/thumbnail_IMAG10_669c1d34-7e18-4e90-ba56-0acdac0931b9.jpg
670145,thu,킬더킹,https://shared-comic.pstatic.net/thumb/webtoon/670145/thumbnail/title_thumbnail_20160105121235_t83x90.jpg
726210,thu,헬프탑,https://shared-comic.pstatic.net/thumb/webtoon/726210/thumbnail/thumbnail_IMAG10_ac0b4698-e428-448c-885f-757b29a16233.jpg
715935,thu,롤랑롤랑,https://shared-comic.pstatic.net/thumb/webtoon/715935/thumbnail/thumbnail_IMAG10_91b8ca2c-f957-419b-9d94-f95b8d93115e.jpg
733638,thu,열등의 조건,https://shared-comic.pstatic.net/thumb/webtoon/733638/thumbnail/thumbnail_IMAG10_67290a2d-62c0-4e47-8170-5d8714281300.jpg
721459,thu,날 가져요,https://shared-comic.pstatic.net/thumb/webtoon/721459/thumbnail/thumbnail_IMAG10_c0b37bb6-7045-4dbe-b192-31300dcc1155.jpg
732255,thu,갓도령스,https://shared-comic.pstatic.net/thumb/webtoon/732255/thumbnail/thumbnail_IMAG10_a771747f-d435-4e6d-b5b4-43be34f28754.jpg
727191,thu,모퉁이 뜨개방,https://shared-comic.pstatic.net/thumb/webtoon/727191/thumbnail/thumbnail_IMAG10_5e31c66c-825f-43e6-8f71-068fa6d208bd.jpg
728061,thu,돼지만화,https://shared-comic.pstatic.net/thumb/webtoon/728061/thumbnail/thumbnail_IMAG10_38bbc33b-c312-493d-85ed-b587c6dd255f.jpg
710755,thu,그랜드 배틀 토너먼트,https://shared-comic.pstatic.net/thumb/webtoon/710755/thumbnail/thumbnail_IMAG10_c5aa159d-596e-417a-a575-efc4c7c06bc2.jpg
718017,thu,방 안의 코끼리,https://shared-comic.pstatic.net/thumb/webtoon/718017/thumbnail/thumbnail_IMAG10_ea2f54a0-85ad-4b91-8e09-00004238a592.jpg
730811,thu,사소한 냐냐,https://shared-comic.pstatic.net/thumb/webtoon/730811/thumbnail/thumbnail_IMAG10_50d81076-1442-437a-8a04-1b1dab7254c5.jpg
730202,thu,루시퍼의 경호원,https://shared-comic.pstatic.net/thumb/webtoon/730202/thumbnail/thumbnail_IMAG10_9e1a17a2-d1cf-44a1-84c0-d579d0ea2701.jpg
733077,thu,깁스맨,https://shared-comic.pstatic.net/thumb/webtoon/733077/thumbnail/thumbnail_IMAG10_9ad9ce92-67fc-45d6-b97a-d58063eb9aeb.jpg
641253,fri,외모지상주의,https://shared-comic.pstatic.net/thumb/webtoon/641253/thumbnail/title_thumbnail_20141120112141_t83x90.jpg
318995,fri,갓 오브 하이스쿨,https://shared-comic.pstatic.net/thumb/webtoon/318995/thumbnail/title_thumbnail_20110407182655_t83x90.jpg
701081,fri,스위트홈,https://shared-comic.pstatic.net/thumb/webtoon/701081/thumbnail/thumbnail_IMAG10_7120be5e-b5c7-4727-aba5-cb500c6098ab.jpg
727189,fri,이제 곧 죽습니다,https://shared-comic.pstatic.net/thumb/webtoon/727189/thumbnail/thumbnail_IMAG10_f0245c6f-64d4-4b41-8d46-8ec6cae03175.jpg
119874,fri,덴마,https://shared-comic.pstatic.net/thumb/webtoon/119874/thumbnail/title_thumbnail_20150706185233_t83x90.jpg
552960,fri,더 게이머,https://shared-comic.pstatic.net/thumb/webtoon/552960/thumbnail/title_thumbnail_20130905153649_t83x90.jpg
670149,fri,테러맨,https://shared-comic.pstatic.net/thumb/webtoon/670149/thumbnail/thumbnail_IMAG10_e7b9a026-42a9-447c-a5b5-af0c71626e50.jpg
725586,fri,1초,https://shared-comic.pstatic.net/thumb/webtoon/725586/thumbnail/thumbnail_IMAG10_909e55be-2b16-4097-994d-8cf139d01124.jpg
712362,fri,개를 낳았다,https://shared-comic.pstatic.net/thumb/webtoon/712362/thumbnail/thumbnail_IMAG10_568fc3ff-2c5f-40f9-a8d0-34c3e59fa0a5.jpg
675554,fri,가우스전자 시즌3~4,https://shared-comic.pstatic.net/thumb/webtoon/675554/thumbnail/thumbnail_IMAG10_66613407-1041-4f4f-ad8a-1983361f932e.jpg
710754,fri,화장 지워주는 남자,https://shared-comic.pstatic.net/thumb/webtoon/710754/thumbnail/thumbnail_IMAG10_d8e56fd3-303a-47f8-bdb0-8557ddceb5ba.jpg
723714,fri,용비불패 완전판,https://shared-comic.pstatic.net/thumb/webtoon/723714/thumbnail/thumbnail_IMAG10_d7d9c81f-d07b-449d-898a-54136a8a67af.jpg
700844,fri,걸어서 30분,https://shared-comic.pstatic.net/thumb/webtoon/700844/thumbnail/thumbnail_IMAG10_7511a21d-75f1-4ac8-9d24-df2e89f535b2.jpg
729044,fri,난약,https://shared-comic.pstatic.net/thumb/webtoon/729044/thumbnail/thumbnail_IMAG10_a0539b2a-580e-4eb9-b0da-855141b1a6d2.jpg
723790,fri,금붕어,https://shared-comic.pstatic.net/thumb/webtoon/723790/thumbnail/thumbnail_IMAG10_258b4afa-a7fd-4f7e-92c8-b10ac0b1d21b.jpg
711422,fri,삼국지톡,https://shared-comic.pstatic.net/thumb/webtoon/711422/thumbnail/thumbnail_IMAG10_93d0ea21-a066-4842-b164-1b7b363139cf.jpg
733284,fri,구원자,https://shared-comic.pstatic.net/thumb/webtoon/733284/thumbnail/thumbnail_IMAG10_b8512bbf-ef32-42d5-8963-d03b6647a250.jpg
708452,fri,냐한남자,https://shared-comic.pstatic.net/thumb/webtoon/708452/thumbnail/thumbnail_IMAG10_b74bdb0c-5a22-4989-8438-1408db6802dd.jpg
729963,fri,가슴털 로망스,https://shared-comic.pstatic.net/thumb/webtoon/729963/thumbnail/thumbnail_IMAG10_d4bc9868-6eda-4e78-8fab-240e43523b95.jpg
729571,fri,소심한 팔레트,https://shared-comic.pstatic.net/thumb/webtoon/729571/thumbnail/thumbnail_IMAG10_6eeb669f-0b24-4692-95a0-f074e0b00bdd.jpg
644112,fri,몽홀,https://shared-comic.pstatic.net/thumb/webtoon/644112/thumbnail/title_thumbnail_20150105174647_t83x90.jpg
721559,fri,푸들과 Dog거중,https://shared-comic.pstatic.net/thumb/webtoon/721559/thumbnail/thumbnail_IMAG10_82439b6a-170a-4b02-a9a5-06793062cd51.jpg
718019,fri,옆집친구,https://shared-comic.pstatic.net/thumb/webtoon/718019/thumbnail/thumbnail_IMAG10_dd283c57-0f9e-44b3-916a-d1d68a282398.jpg
729767,fri,고래별,https://shared-comic.pstatic.net/thumb/webtoon/729767/thumbnail/thumbnail_IMAG10_f435ef6e-c057-42c1-a91d-e1178172334f.jpg
729938,fri,금혼령-조선혼인금지령,https://shared-comic.pstatic.net/thumb/webtoon/729938/thumbnail/thumbnail_IMAG10_8118bfec-4c96-409e-aa78-9f7a5a30dc14.jpg
709732,fri,하르모니아,https://shared-comic.pstatic.net/thumb/webtoon/709732/thumbnail/thumbnail_IMAG10_5342cc91-e4bc-4d49-925c-ccc5a913a4ec.jpg
723357,fri,라스트 서브미션,https://shared-comic.pstatic.net/thumb/webtoon/723357/thumbnail/thumbnail_IMAG10_69ec3150-698f-400e-923d-bf01877034dc.jpg
718016,fri,소녀 연대기,https://shared-comic.pstatic.net/thumb/webtoon/718016/thumbnail/thumbnail_IMAG10_0100ea0c-8cab-4c35-a6ab-3c748d94cccd.jpg
732036,fri,후덜덜덜 남극전자,https://shared-comic.pstatic.net/thumb/webtoon/732036/thumbnail/thumbnail_IMAG10_3e811705-9c0e-44f9-82f8-81e8a0e01a26.jpg
714834,fri,자취로운 생활,https://shared-comic.pstatic.net/thumb/webtoon/714834/thumbnail/thumbnail_IMAG10_e8f48301-bbcf-40d2-ac92-9a8e45ee2d5d.jpg
713581,fri,내 여자친구는 상남자,https://shared-comic.pstatic.net/thumb/webtoon/713581/thumbnail/thumbnail_IMAG10_fce3c3c1-2356-4916-aba2-0f561f579c1c.jpg
721461,fri,꽃미남 저승사자,https://shared-comic.pstatic.net/thumb/webtoon/721461/thumbnail/thumbnail_IMAG10_3922dbe8-92cb-403f-a580-3750ce61cfde.jpg
724431,fri,버그,https://shared-comic.pstatic.net/thumb/webtoon/724431/thumbnail/thumbnail_IMAG10_a270bf74-d7b4-40cd-ad7a-8e7a6bf3687a.jpg
727784,fri,사냥개들,https://shared-comic.pstatic.net/thumb/webtoon/727784/thumbnail/thumbnail_IMAG10_20190617_migrated.jpg
734040,fri,현혹,https://shared-comic.pstatic.net/thumb/webtoon/734040/thumbnail/thumbnail_IMAG10_446fc11e-fdd1-4607-980f-82ba81f9ea75.jpg
722542,fri,열렬하게, 단하나,https://shared-comic.pstatic.net/thumb/webtoon/722542/thumbnail/thumbnail_IMAG10_73a0c29d-cfda-4dea-9eb1-05e2508165a9.jpg
726211,fri,사우러스,https://shared-comic.pstatic.net/thumb/webtoon/726211/thumbnail/thumbnail_IMAG10_c09c5457-d16d-4ef0-9fc6-ae761a6c3cad.jpg
729089,fri,대표님이 구독하셨습니다,https://shared-comic.pstatic.net/thumb/webtoon/729089/thumbnail/thumbnail_IMAG10_1ab90984-bfc3-482d-988a-e9a672747be6.jpg
729036,fri,합법해적 파르페,https://shared-comic.pstatic.net/thumb/webtoon/729036/thumbnail/thumbnail_IMAG10_7301b5fd-bd90-489c-9663-8f2ce8c71430.jpg
733395,fri,꼬맹이를 부탁해!,https://shared-comic.pstatic.net/thumb/webtoon/733395/thumbnail/thumbnail_IMAG10_73a30d8f-d279-45e7-abea-1530dce37b29.jpg
733746,fri,하루,https://shared-comic.pstatic.net/thumb/webtoon/733746/thumbnail/thumbnail_IMAG10_7922952b-0c4a-4338-806c-fcce86283fbd.jpg
568986,sat,용이산다,https://shared-comic.pstatic.net/thumb/webtoon/568986/thumbnail/thumbnail_IMAG10_3ddaaf4b-2d45-45a1-a7bc-0631a8a7b561.jpg
650305,sat,호랑이형님,https://shared-comic.pstatic.net/thumb/webtoon/650305/thumbnail/title_thumbnail_20161209212128_t83x90.jpg
597447,sat,프리드로우,https://shared-comic.pstatic.net/thumb/webtoon/597447/thumbnail/title_thumbnail_20131102162055_t83x90.jpg
651673,sat,유미의 세포들,https://shared-comic.pstatic.net/thumb/webtoon/651673/thumbnail/thumbnail_IMAG10_659b9446-0940-494a-bb5f-5893290a84d0.jpg
670139,sat,부활남,https://shared-comic.pstatic.net/thumb/webtoon/670139/thumbnail/thumbnail_IMAG10_02b0b120-28d2-42fc-b367-447c1d172540.jpg
703843,sat,비질란테,https://shared-comic.pstatic.net/thumb/webtoon/703843/thumbnail/thumbnail_IMAG10_c587a99e-c3e7-49a4-985a-88c8d950017f.jpg
727188,sat,취사병 전설이 되다,https://shared-comic.pstatic.net/thumb/webtoon/727188/thumbnail/thumbnail_IMAG10_f01cc201-02c6-4a40-8c1a-e3db0c256876.jpg
720190,sat,머니게임,https://shared-comic.pstatic.net/thumb/webtoon/720190/thumbnail/thumbnail_IMAG10_cb6bddb2-2fb9-4814-b49b-56391e290f9f.jpg
721948,sat,스터디그룹,https://shared-comic.pstatic.net/thumb/webtoon/721948/thumbnail/thumbnail_IMAG10_72bdf971-8699-4e5e-aea9-e22569ad9437.jpg
64997,sat,나이트런,https://shared-comic.pstatic.net/thumb/webtoon/64997/thumbnail/title_thumbnail_20110515001535_t83x90.jpg
702672,sat,노곤하개,https://shared-comic.pstatic.net/thumb/webtoon/702672/thumbnail/thumbnail_IMAG10_bea8fafc-f043-4712-97e7-f9dbc5c61dcb.jpg
616239,sat,윌유메리미,https://shared-comic.pstatic.net/thumb/webtoon/616239/thumbnail/title_thumbnail_20161031214436_t83x90.jpg
703630,sat,어글리후드,https://shared-comic.pstatic.net/thumb/webtoon/703630/thumbnail/thumbnail_IMAG10_f0337ccf-b55e-47d9-bb47-131b396f1bb6.jpg
720121,sat,치즈인더트랩 (재),https://shared-comic.pstatic.net/thumb/webtoon/720121/thumbnail/thumbnail_IMAG10_705a7deb-0073-4861-83fc-533a5bf39f4c.jpg
724274,sat,먹이,https://shared-comic.pstatic.net/thumb/webtoon/724274/thumbnail/thumbnail_IMAG10_9171129f-7851-4d26-ac8d-c8e179bcc81b.jpg
730694,sat,초인의 시대,https://shared-comic.pstatic.net/thumb/webtoon/730694/thumbnail/thumbnail_IMAG10_dae8671c-5899-4e4d-a921-299ad188fb14.jpg
733280,sat,나를 바꿔줘,https://shared-comic.pstatic.net/thumb/webtoon/733280/thumbnail/thumbnail_IMAG10_f0cdede0-3a63-4d35-a2af-cbc3f2fdc7d6.jpg
700843,sat,우리 오빠는 아이돌,https://shared-comic.pstatic.net/thumb/webtoon/700843/thumbnail/thumbnail_IMAG10_e2e1a770-7641-4312-b0bf-794d78233c99.jpg
713334,sat,이름을 불러주세요,https://shared-comic.pstatic.net/thumb/webtoon/713334/thumbnail/thumbnail_IMAG10_4528c7cd-eb0b-4baa-a4d1-12bbaf511b07.jpg
728015,sat,모죠의 일지,https://shared-comic.pstatic.net/thumb/webtoon/728015/thumbnail/thumbnail_IMAG10_97de566e-d2cd-4590-b071-c678a3e85c56.jpg
715159,sat,갓핑크,https://shared-comic.pstatic.net/thumb/webtoon/715159/thumbnail/thumbnail_IMAG10_737639f2-e795-46b5-a83d-5fa42ad3e604.jpg
730204,sat,친애하는 X,https://shared-comic.pstatic.net/thumb/webtoon/730204/thumbnail/thumbnail_IMAG10_5a2771ad-bd0a-438f-8a3d-e193e7c6bbfb.jpg
733081,sat,2019 루키 단편선-지옥캠프,https://shared-comic.pstatic.net/thumb/webtoon/733081/thumbnail/thumbnail_IMAG10_7d96746b-04d9-4616-a98b-2eddc359a1df.jpg
732021,sat,탑코너,https://shared-comic.pstatic.net/thumb/webtoon/732021/thumbnail/thumbnail_IMAG10_991d5df9-da86-4c6d-8a90-185b1424fbd0.jpg
710639,sat,5kg을 위하여,https://shared-comic.pstatic.net/thumb/webtoon/710639/thumbnail/thumbnail_IMAG10_b8254d4d-67b7-4f18-867b-1ff63e5f304a.jpg
726095,sat,살人스타그램,https://shared-comic.pstatic.net/thumb/webtoon/726095/thumbnail/thumbnail_IMAG10_cfb5b89b-6e8d-4af1-b846-880768e96490.jpg
703839,sat,홍시는 날 좋아해!,https://shared-comic.pstatic.net/thumb/webtoon/703839/thumbnail/thumbnail_IMAG10_701e4038-8bc6-4d4b-accc-230865d1ca25.jpg
712694,sat,MZ-레이징 인페르노,https://shared-comic.pstatic.net/thumb/webtoon/712694/thumbnail/thumbnail_IMAG10_e6e99b78-fec2-414f-bb8e-2fc0246aa043.jpg
729047,sat,공유몽,https://shared-comic.pstatic.net/thumb/webtoon/729047/thumbnail/thumbnail_IMAG10_1645248f-5bde-4cf3-94fd-25d66921f71f.jpg
729259,sat,숨:킬더바디,https://shared-comic.pstatic.net/thumb/webtoon/729259/thumbnail/thumbnail_IMAG10_0fcf658d-8e95-4113-89d9-42e9abe552f7.jpg
710769,sat,2인용 인간,https://shared-comic.pstatic.net/thumb/webtoon/710769/thumbnail/thumbnail_IMAG10_dcc06312-0493-4633-9b0a-2f56f6fa3434.jpg
725552,sat,열불 로맨스,https://shared-comic.pstatic.net/thumb/webtoon/725552/thumbnail/thumbnail_IMAG10_22eab67b-6329-4bda-9de9-41edc8d417d2.jpg
726467,sat,틴맘,https://shared-comic.pstatic.net/thumb/webtoon/726467/thumbnail/thumbnail_IMAG10_7868cbbf-bf3f-4e5a-84e5-27ee8f9dca0e.jpg
732256,sat,유령극단,https://shared-comic.pstatic.net/thumb/webtoon/732256/thumbnail/thumbnail_IMAG10_7d035601-b2d9-465c-bd6f-1c9be4b5a212.jpg
716163,sat,늑대와 빨간모자,https://shared-comic.pstatic.net/thumb/webtoon/716163/thumbnail/thumbnail_IMAG10_1557dca4-212c-479e-a995-6ffffa391a0e.jpg
729563,sat,압락사스,https://shared-comic.pstatic.net/thumb/webtoon/729563/thumbnail/thumbnail_IMAG10_e12754d3-c7ee-4ce7-8767-715a9e687a31.jpg
678494,sat,동토의 여명,https://shared-comic.pstatic.net/thumb/webtoon/678494/thumbnail/thumbnail_IMAG10_915c9e1a-ecb0-4ed0-ad7a-0fe64db3dc3b.jpg
728061,sat,돼지만화,https://shared-comic.pstatic.net/thumb/webtoon/728061/thumbnail/thumbnail_IMAG10_38bbc33b-c312-493d-85ed-b587c6dd255f.jpg
724815,sat,아홉수 우리들,https://shared-comic.pstatic.net/thumb/webtoon/724815/thumbnail/thumbnail_IMAG10_24d927e3-52e7-41d2-a0f9-6140b563aef9.jpg
729038,sat,머리카락을 뽑으면,https://shared-comic.pstatic.net/thumb/webtoon/729038/thumbnail/thumbnail_IMAG10_4b378a3d-9a4b-4088-8e95-8b1e91817864.jpg
721462,sat,우주최강대스타,https://shared-comic.pstatic.net/thumb/webtoon/721462/thumbnail/thumbnail_IMAG10_507205a0-6e3d-44c1-8593-af28db1ebd06.jpg
729003,sat,두근두근 마감 중,https://shared-comic.pstatic.net/thumb/webtoon/729003/thumbnail/thumbnail_IMAG10_63a6d4e0-3409-4dd8-9393-514d3629fb6f.jpg
733771,sat,퓨리스틱,https://shared-comic.pstatic.net/thumb/webtoon/733771/thumbnail/thumbnail_IMAG10_7b25e590-4acf-432e-8759-afacadf1060b.jpg
733277,sat,도사 가온,https://shared-comic.pstatic.net/thumb/webtoon/733277/thumbnail/thumbnail_IMAG10_4ddcf320-53ee-4372-913e-9655ee2fb93e.jpg
721919,sat,마음의 숙제,https://shared-comic.pstatic.net/thumb/webtoon/721919/thumbnail/thumbnail_IMAG10_aa9ef75d-b4f0-4bb8-b4ca-2103c7ee901b.jpg
716776,sat,고인의 명복,https://shared-comic.pstatic.net/thumb/webtoon/716776/thumbnail/thumbnail_IMAG10_48bcf03f-b21d-4812-9dfd-593c094a89b7.jpg
729084,sat,천사가 아니야,https://shared-comic.pstatic.net/thumb/webtoon/729084/thumbnail/thumbnail_IMAG10_8b731963-4c35-436d-86e6-14564e0b7ffd.jpg
734011,sat,법대로 사랑하라,https://shared-comic.pstatic.net/thumb/webtoon/734011/thumbnail/thumbnail_IMAG10_e7f378d7-e6a7-4497-8193-12ea343e88cc.jpg
670152,sun,열렙전사,https://shared-comic.pstatic.net/thumb/webtoon/670152/thumbnail/title_thumbnail_20160122210643_t83x90.jpg
708378,sun,[드라마원작] 타인은 지옥이다,https://shared-comic.pstatic.net/thumb/webtoon/708378/thumbnail/thumbnail_IMAG10_e63ecfd1-9f7d-4b65-a1df-05f6241daba0.jpg
729326,sun,맘마미안,https://shared-comic.pstatic.net/thumb/webtoon/729326/thumbnail/thumbnail_IMAG10_dd46c585-5abf-4ee3-a29d-805976672d58.jpg
119874,sun,덴마,https://shared-comic.pstatic.net/thumb/webtoon/119874/thumbnail/title_thumbnail_20150706185233_t83x90.jpg
710751,sun,약한영웅,https://shared-comic.pstatic.net/thumb/webtoon/710751/thumbnail/thumbnail_IMAG10_eed99ea4-5908-4445-b89a-d3881797f909.jpg
724854,sun,돼지우리,https://shared-comic.pstatic.net/thumb/webtoon/724854/thumbnail/thumbnail_IMAG10_828301ec-6d0c-4b1b-83d5-8c12b13575de.jpg
655746,sun,마법스크롤 상인 지오,https://shared-comic.pstatic.net/thumb/webtoon/655746/thumbnail/thumbnail_IMAG10_261e36e7-8e8f-4640-bcf8-31232c5279b4.jpg
557676,sun,다이스(DICE),https://shared-comic.pstatic.net/thumb/webtoon/557676/thumbnail/thumbnail_IMAG10_e44c2148-c07b-4ccb-b53a-1fee1c6e2122.jpg
733047,sun,행성인간,https://shared-comic.pstatic.net/thumb/webtoon/733047/thumbnail/thumbnail_IMAG10_eea47446-e3b9-4cce-b291-222f0699e77a.jpg
733413,sun,천리마 네버다이,https://shared-comic.pstatic.net/thumb/webtoon/733413/thumbnail/thumbnail_IMAG10_0e6f93e8-d543-4446-96fd-1336c0dd0367.jpg
718021,sun,검은인간,https://shared-comic.pstatic.net/thumb/webtoon/718021/thumbnail/thumbnail_IMAG10_c04904ff-e7e9-4ac6-9323-93e7cafb0139.jpg
690503,sun,도망자,https://shared-comic.pstatic.net/thumb/webtoon/690503/thumbnail/title_thumbnail_20170106153614_t83x90.jpg
22897,sun,호랭총각,https://shared-comic.pstatic.net/thumb/webtoon/22897/thumbnail/thumbnail_title_22897_83x90.gif
729037,sun,호러전파상,https://shared-comic.pstatic.net/thumb/webtoon/729037/thumbnail/thumbnail_IMAG10_c4b8c3e7-1dc6-4f95-9458-47a5dcdafda7.jpg
720117,sun,킬러분식 (재),https://shared-comic.pstatic.net/thumb/webtoon/720117/thumbnail/thumbnail_IMAG10_5c1c9870-957b-4cce-ba63-48dde3407104.jpg
695796,sun,내일,https://shared-comic.pstatic.net/thumb/webtoon/695796/thumbnail/thumbnail_IMAG10_715d2406-1940-48ad-9ca5-fb84693769b6.jpg
727476,sun,구름이 피워낸 꽃,https://shared-comic.pstatic.net/thumb/webtoon/727476/thumbnail/thumbnail_IMAG10_a06db006-dd68-4781-8c00-96f280c136da.jpg
730259,sun,스퍼맨: 현자단의 역습,https://shared-comic.pstatic.net/thumb/webtoon/730259/thumbnail/thumbnail_IMAG10_ba8c687c-1848-4515-9926-3ec275a2737f.jpg
734348,sun,수능일기,https://shared-comic.pstatic.net/thumb/webtoon/734348/thumbnail/thumbnail_IMAG10_df9c9a5a-6d46-4a06-acfd-e6c322396cbc.jpg
626939,sun,둥굴레차!,https://shared-comic.pstatic.net/thumb/webtoon/626939/thumbnail/thumbnail_IMAG10_821c4cf8-e1a4-47ec-be73-ee6163307441.jpg
734008,sun,닭강정,https://shared-comic.pstatic.net/thumb/webtoon/734008/thumbnail/thumbnail_IMAG10_a840874e-34f0-43ab-af1a-79e2e36016f5.jpg
728900,sun,인어를 위한 수영교실,https://shared-comic.pstatic.net/thumb/webtoon/728900/thumbnail/thumbnail_IMAG10_65ff8bf0-2bbe-417e-b6e5-d71eaae17aff.jpg
721463,sun,극야,https://shared-comic.pstatic.net/thumb/webtoon/721463/thumbnail/thumbnail_IMAG10_7e952d76-abd9-4fa3-b47a-6d7ff5b3fcc0.jpg
728128,sun,합격시켜주세용,https://shared-comic.pstatic.net/thumb/webtoon/728128/thumbnail/thumbnail_IMAG10_6349dc0e-4eae-4d78-b5ee-a302dc717677.jpg
732955,sun,닥터앤닥터 육아일기,https://shared-comic.pstatic.net/thumb/webtoon/732955/thumbnail/thumbnail_IMAG10_404a37ed-7552-41bb-8138-3ea97cc7bb03.jpg
703844,sun,가비지타임,https://shared-comic.pstatic.net/thumb/webtoon/703844/thumbnail/thumbnail_IMAG10_4943c8a4-b01c-4314-a667-75c6ec43f2e0.jpg
728751,sun,괴물신부,https://shared-comic.pstatic.net/thumb/webtoon/728751/thumbnail/thumbnail_IMAG10_ce7def2c-adfe-43b8-b645-8175d929a0a8.jpg
733274,sun,만찢남녀,https://shared-comic.pstatic.net/thumb/webtoon/733274/thumbnail/thumbnail_IMAG10_aa0e109b-ecc7-4c3b-b0ea-c20159e0eab5.jpg
733728,sun,강남도깨비,https://shared-comic.pstatic.net/thumb/webtoon/733728/thumbnail/thumbnail_IMAG10_7a59a85d-9d48-4564-8c78-4c96a0be92d9.jpg
730607,sun,평행도시,https://shared-comic.pstatic.net/thumb/webtoon/730607/thumbnail/thumbnail_IMAG10_053cfbc5-b980-48b0-bc46-12480479c552.jpg
729883,sun,위험한 신입사원,https://shared-comic.pstatic.net/thumb/webtoon/729883/thumbnail/thumbnail_IMAG10_364950b1-3c0a-45c1-b229-85771e79d798.jpg
733282,sun,츄억보정,https://shared-comic.pstatic.net/thumb/webtoon/733282/thumbnail/thumbnail_IMAG10_e6d5b438-1f39-4214-b7a7-c42f601c1635.jpg
626906,sun,패밀리 사이즈,https://shared-comic.pstatic.net/thumb/webtoon/626906/thumbnail/title_thumbnail_20150810235651_t83x90.jpg
730657,sun,오로지 너를 이기고 싶어,https://shared-comic.pstatic.net/thumb/webtoon/730657/thumbnail/thumbnail_IMAG10_1328a962-3525-480d-aa4f-8adf15cdc02f.jpg
720120,sun,내 어린고양이와 늙은개 (재),https://shared-comic.pstatic.net/thumb/webtoon/720120/thumbnail/thumbnail_IMAG10_97de015a-6d49-442e-8fd9-ddee2c1ed6b7.jpg
703841,sun,꽃 피는 날,https://shared-comic.pstatic.net/thumb/webtoon/703841/thumbnail/thumbnail_IMAG10_f1e37b06-4e42-4c99-9773-4cdd77063014.jpg
729043,sun,타인의 로맨스,https://shared-comic.pstatic.net/thumb/webtoon/729043/thumbnail/thumbnail_IMAG10_b6409289-708b-4358-816a-963a0338f20a.jpg
725217,sun,27-10,https://shared-comic.pstatic.net/thumb/webtoon/725217/thumbnail/thumbnail_IMAG10_d134879b-3c89-4b7f-b247-1d1507c79271.jpg
697535,sun,웅이는 배고파,https://shared-comic.pstatic.net/thumb/webtoon/697535/thumbnail/thumbnail_IMAG10_18d07ed4-3a67-4e36-8406-c7d78f7aa163.jpg
703833,sun,점핑오버,https://shared-comic.pstatic.net/thumb/webtoon/703833/thumbnail/thumbnail_IMAG10_daa9e35f-9bda-4270-9585-6c158b3d885b.jpg
726454,sun,무주의 맹시,https://shared-comic.pstatic.net/thumb/webtoon/726454/thumbnail/thumbnail_IMAG10_b92fcbdb-0b16-4bc7-8e48-c7361dd4c130.jpg
721109,sun,Here U Are,https://shared-comic.pstatic.net/thumb/webtoon/721109/thumbnail/thumbnail_IMAG10_844cec4a-9b1b-4e38-9c0c-d1ab94059edc.jpg
703856,sun,8월의 눈보라,https://shared-comic.pstatic.net/thumb/webtoon/703856/thumbnail/thumbnail_IMAG10_e1eb5e9c-69e8-4cce-8e20-13981c235503.jpg
719507,sun,냥하무인,https://shared-comic.pstatic.net/thumb/webtoon/719507/thumbnail/thumbnail_IMAG10_af5f1158-27b1-4e65-b090-251bdd90f32f.jpg
734012,sun,그녀의 버킷리스트,https://shared-comic.pstatic.net/thumb/webtoon/734012/thumbnail/thumbnail_IMAG10_ca9cfed5-172a-4c42-a382-9a1166d108d2.jpg
730258,sun,갓!김치,https://shared-comic.pstatic.net/thumb/webtoon/730258/thumbnail/thumbnail_IMAG10_cbc6909e-351d-4bdf-89c8-48ae1d15a58e.jpg
723414,sun,속삭이는 e로맨스,https://shared-comic.pstatic.net/thumb/webtoon/723414/thumbnail/thumbnail_IMAG10_9085b8b9-d7ac-4cee-be86-b104cd2fa72e.jpg
713055,sun,호곡,https://shared-comic.pstatic.net/thumb/webtoon/713055/thumbnail/thumbnail_IMAG10_3d9f8073-002d-4634-98ca-444c97d0a540.jpg
733768,sun,오늘도 사랑하세요,https://shared-comic.pstatic.net/thumb/webtoon/733768/thumbnail/thumbnail_IMAG10_3de6a7e5-7d99-48f1-98f9-44f436e9b3cd.jpg
